time,low,high,open,close,volume
2018-01-01,727.14,764.97,741.24,759.03,87376.83947108
2018-01-02,759.02,878.5,759.03,865.0,370299.26995958
2018-01-03,850.11,949.98,865.0,938.31,306487.14249665
2018-01-04,906.01,994.89,938.16,949.0,316803.96238412
2018-01-05,935.0,1015.0,949.0,969.27,277363.74285238
2018-01-06,961.23,1009.11,969.27,1006.68,126077.38026582
2018-01-07,1003.02,1118.3,1006.68,1118.3,180428.27762373
2018-01-08,950.0,1228.99,1118.3,1137.01,387581.63428549
2018-01-09,1115.3,1297.58,1137.01,1290.01,279844.04240321
2018-01-10,1207.61,1386.99,1290.01,1246.94,387754.78898298
2018-01-11,1083.97,1335.0,1246.95,1137.01,403973.32204112
2018-01-12,1089.0,1285.0,1137.01,1260.0,217366.85071187
2018-01-13,1259.99,1419.96,1260.0,1386.02,206633.43741285
2018-01-14,1256.01,1389.11,1386.01,1365.46,148724.40647829
2018-01-15,1267.01,1380.97,1365.46,1278.63,130053.00817551
2018-01-16,852.0,1285.57,1278.77,1080.0,670580.77884899
2018-01-17,757.0,1165.0,1080.01,1028.06,855374.32707121
2018-01-18,951.0,1100.0,1028.06,1025.78,355917.02420489
2018-01-19,993.4,1093.0,1025.77,1037.45,168398.26483981
2018-01-20,1036.08,1164.97,1037.45,1150.02,166622.96451295
2018-01-21,1010.01,1151.0,1150.02,1047.13,159406.456775
2018-01-22,917.0,1080.0,1047.13,999.68,221314.9038768
2018-01-23,905.0,1019.0,999.69,984.03,215044.38062351
2018-01-24,952.0,1056.99,984.03,1056.99,157025.9041844
2018-01-25,1014.88,1098.74,1056.99,1040.0,170404.74805818
2018-01-26,987.54,1071.75,1040.0,1045.57,145279.96709597
2018-01-27,1029.29,1119.0,1045.58,1100.0,120969.27298683
2018-01-28,1087.94,1224.0,1100.0,1215.01,178932.35566459
2018-01-29,1137.2,1221.74,1215.01,1162.27,132320.79156191
2018-01-30,1025.0,1171.0,1162.28,1054.39,243673.8356597
2018-01-31,1013.25,1121.03,1054.39,1105.01,178928.93139615
2018-02-01,930.0,1143.0,1105.01,1017.48,341682.45401305
2018-02-02,726.43,1020.48,1017.48,911.99,589204.00296477
2018-02-03,841.61,998.0,912.0,969.4,198329.83958329
2018-02-04,783.27,970.4,969.4,826.0,218636.51378989
2018-02-05,614.02,857.5,826.01,693.54,620562.56650555
2018-02-06,555.56,807.5,694.3,783.83,761461.38006203
2018-02-07,718.03,864.68,783.85,750.04,361972.28375423
2018-02-08,747.82,843.0,750.05,812.0,185681.09842313
2018-02-09,780.0,879.2,812.0,875.99,168813.92673636
2018-02-10,815.0,908.76,875.99,849.47,160263.60599544
2018-02-11,780.0,851.77,849.46,811.35,104311.85730828
2018-02-12,810.99,874.03,811.38,864.4,90918.31734928
2018-02-13,826.0,867.48,864.4,840.49,72295.28036275
2018-02-14,839.45,924.7,840.49,920.26,173283.37319094
2018-02-15,905.49,948.23,920.24,929.3,140117.88456704
2018-02-16,910.8,944.92,929.3,936.02,83382.83414035
2018-02-17,934.2,976.79,936.02,974.99,75150.09895847
2018-02-18,909.1,982.99,975.0,912.41,100689.1761804
2018-02-19,911.0,956.0,913.4,939.01,53604.18377857
2018-02-20,875.0,958.0,939.01,884.76,120862.01182593
2018-02-21,817.01,908.17,884.77,840.34,135641.91857835
2018-02-22,790.01,870.0,840.31,806.0,105441.6326386
2018-02-23,786.0,883.89,806.0,854.01,105258.56447565
2018-02-24,808.37,874.66,854.01,833.2,66461.87856069
2018-02-25,816.89,849.26,833.2,841.96,39655.67873162
2018-02-26,835.0,877.5,841.96,867.09,67394.02255544
2018-02-27,860.5,894.0,867.1,871.07,65115.19154972
2018-02-28,848.21,887.5,871.07,849.99,60718.84772108
2018-03-01,845.54,878.0,849.99,868.74,51017.46336265
2018-03-02,845.85,873.12,868.75,854.31,46202.19655424
2018-03-03,851.04,866.72,854.3,854.34,35046.64999677
2018-03-04,836.3,865.0,854.34,861.74,36135.5736882
2018-03-05,848.83,866.0,861.74,848.83,40939.49250903
2018-03-06,800.89,849.97,848.83,815.43,62303.95684311
2018-03-07,724.0,825.0,815.44,751.38,138801.22495145
2018-03-08,686.0,774.0,751.38,698.83,111033.84491381
2018-03-09,641.6,734.0,698.81,728.46,172486.90960483
2018-03-10,680.2,749.0,728.46,683.6,69514.86138119
2018-03-11,666.0,735.0,683.6,719.79,67834.01788669
2018-03-12,678.0,739.0,719.79,696.51,76014.9779029
2018-03-13,679.78,713.45,696.51,690.39,64082.73782615
2018-03-14,585.52,702.5,690.32,614.63,153028.37672067
2018-03-15,571.16,621.47,614.63,610.99,149125.19563793
2018-03-16,585.0,626.13,611.0,600.51,88999.75786119
2018-03-17,541.11,609.94,600.52,549.79,105894.77241498
2018-03-18,450.0,587.74,549.79,538.0,444996.56948669
2018-03-19,516.4,560.9,538.01,555.55,185104.97751743
2018-03-20,515.97,567.04,555.44,558.0,161094.32369964
2018-03-21,545.2,589.75,558.0,559.98,119344.11951373
2018-03-22,517.6,578.73,559.99,539.89,96400.02307994
2018-03-23,507.84,543.04,539.9,543.04,87454.1549111
2018-03-24,517.7,545.94,543.04,519.57,53609.18496706
2018-03-25,510.2,536.0,519.58,522.55,51317.17024489
2018-03-26,466.1,525.0,522.55,486.75,151611.18882043
2018-03-27,445.0,493.0,486.75,449.0,163326.70003859
2018-03-28,439.18,464.89,449.0,445.47,96060.62752281
2018-03-29,379.1,448.0,445.72,383.29,291819.30211658
2018-03-30,365.0,411.0,383.3,394.46,285614.7646498
2018-03-31,388.88,438.77,394.47,394.54,157961.19963445
2018-04-01,360.0,400.65,394.73,378.18,110964.69777902
2018-04-02,375.36,393.96,378.69,384.0,91317.1026635
2018-04-03,380.89,421.59,384.0,416.28,165871.58692268
2018-04-04,370.08,418.0,416.29,378.43,120039.45534577
2018-04-05,366.54,387.2,378.42,381.55,92587.28752724
2018-04-06,363.33,386.21,381.55,370.32,96737.30368153
2018-04-07,369.2,395.9,370.32,384.61,62794.02261332
2018-04-08,384.61,404.4,384.62,399.9,70956.26828009
2018-04-09,388.0,432.0,399.9,398.8,131510.44151693
2018-04-10,392.25,418.26,398.8,415.45,69641.56857811
2018-04-11,410.11,433.83,415.45,430.81,91622.26394054
2018-04-12,413.81,497.0,430.82,493.41,247902.01497352
2018-04-13,481.18,529.36,493.42,495.76,236191.09457986
2018-04-14,488.0,513.86,495.76,502.4,77289.00537972
2018-04-15,502.4,534.57,502.4,533.74,101647.50851232
2018-04-16,498.29,537.5,534.0,511.28,130844.05596765
2018-04-17,500.49,522.0,511.29,502.42,96075.46298383
2018-04-18,501.2,526.49,502.43,525.89,98209.17829484
2018-04-19,521.18,569.95,525.9,567.29,134431.90904282
2018-04-20,557.4,622.22,567.29,617.17,186456.04306219
2018-04-21,571.61,624.21,617.17,605.16,105009.75223954
2018-04-22,590.7,643.47,605.16,620.07,93457.05655859
2018-04-23,618.7,647.47,620.08,642.85,93438.80089026
2018-04-24,642.85,711.0,642.85,703.38,207432.35618658
2018-04-25,578.75,704.0,703.38,617.49,341753.13213573
2018-04-26,600.0,667.0,617.5,661.0,146340.68819105
2018-04-27,638.33,685.91,661.01,643.11,115972.93900682
2018-04-28,638.7,693.15,643.11,682.0,75723.8348299
2018-04-29,666.04,696.71,682.01,687.51,68368.91701607
2018-04-30,662.11,692.45,688.0,669.81,91361.21901579
2018-05-01,627.2,675.01,669.82,670.75,156063.56183062
2018-05-02,660.63,689.98,670.74,685.02,100629.0546095
2018-05-03,684.0,784.76,685.65,775.51,191794.75198349
2018-05-04,757.1,805.31,775.51,783.01,150931.93016815
2018-05-05,778.5,824.67,783.01,812.0,98235.94776246
2018-05-06,750.7,828.97,812.0,784.28,105797.16005163
2018-05-07,695.11,789.98,784.88,752.42,224756.62066775
2018-05-08,720.0,776.0,752.43,746.99,127881.06212239
2018-05-09,708.8,759.5,746.99,750.0,100749.17068492
2018-05-10,723.01,768.0,750.0,723.51,89580.23122691
2018-05-11,662.18,735.19,723.51,678.05,185449.6282951
2018-05-12,637.65,692.39,678.05,684.66,107293.67817864
2018-05-13,671.0,740.31,684.7,729.29,81110.2164824
2018-05-14,684.0,746.06,729.29,726.9,165755.95743882
2018-05-15,694.75,738.0,726.91,706.08,96346.24302161
2018-05-16,677.55,710.44,706.09,707.45,87515.71655463
2018-05-17,661.0,717.17,707.45,668.56,83374.27295315
2018-05-18,656.5,694.71,668.56,694.5,84713.72667052
2018-05-19,676.84,715.76,694.5,695.96,51170.47405967
2018-05-20,687.7,723.0,695.97,714.0,51152.5577087
2018-05-21,686.05,717.0,714.0,696.77,49334.83836469
2018-05-22,638.0,699.0,696.77,640.5,102285.02351164
2018-05-23,563.27,648.46,640.13,577.2,214309.26173537
2018-05-24,545.36,609.21,577.2,602.64,136326.78521805
2018-05-25,568.27,616.0,602.65,584.02,99242.20155189
2018-05-26,577.65,606.0,584.02,584.99,44818.80475184
2018-05-27,556.0,589.5,585.0,570.75,54447.36889848
2018-05-28,507.0,575.0,570.75,511.33,115800.06325204
2018-05-29,510.91,573.64,511.33,566.66,136873.46762627
2018-05-30,541.23,585.92,566.65,557.22,99280.45946439
2018-05-31,553.6,589.0,557.22,577.1,97490.97141173
2018-06-01,561.11,588.0,577.1,578.89,97547.89157134
2018-06-02,571.75,600.0,578.89,590.46,64556.52789267
2018-06-03,590.46,627.83,590.46,618.63,54877.31717722
2018-06-04,576.15,626.55,618.63,591.5,67683.92429136
2018-06-05,574.31,612.0,591.51,607.6,75119.33350357
2018-06-06,592.63,611.69,607.6,606.18,77825.6268239
2018-06-07,594.0,615.26,606.19,603.56,94570.72725134
2018-06-08,591.0,607.0,603.56,598.59,39747.97679678
2018-06-09,591.81,608.0,598.6,593.41,26760.9322832
2018-06-10,505.0,593.41,593.4,525.25,141919.66454912
2018-06-11,509.97,536.85,525.25,531.68,113031.3876127
2018-06-12,485.0,538.99,531.68,494.14,122418.52638227
2018-06-13,450.11,502.4,494.14,476.02,166483.47004971
2018-06-14,459.45,530.0,476.03,519.75,217414.28431916
2018-06-15,481.57,521.0,519.75,487.45,101900.02747789
2018-06-16,484.12,502.97,487.45,497.31,44820.26736856
2018-06-17,493.33,507.83,496.99,496.5,35010.38637307
2018-06-18,488.0,525.0,496.5,517.47,72652.16283089
2018-06-19,514.45,547.4,517.47,538.5,71905.8945705
2018-06-20,516.67,541.8,538.5,536.0,63547.84183023
2018-06-21,521.5,544.23,536.0,525.49,52814.33055734
2018-06-22,449.02,525.65,525.5,462.01,159809.3519873
2018-06-23,457.87,481.74,462.01,475.17,48107.42304878
2018-06-24,421.1,476.9,475.18,454.79,148560.96982973
2018-06-25,445.0,473.27,454.79,458.41,82314.39474815
2018-06-26,429.0,460.72,458.41,429.08,77287.0907213
2018-06-27,420.12,446.21,429.08,441.41,72744.76141836
2018-06-28,417.0,443.78,441.5,420.0,58039.79406083
2018-06-29,404.22,442.0,420.01,434.6,99473.38572708
2018-06-30,434.5,462.49,434.5,453.29,58391.94222717
2018-07-01,444.85,455.87,453.3,451.43,34160.78132274
2018-07-02,442.79,481.99,451.43,476.34,73537.36076481
2018-07-03,459.11,486.76,476.34,461.75,70832.75445941
2018-07-04,451.35,482.01,461.75,466.9,58200.73415567
2018-07-05,457.85,477.99,466.9,467.25,55189.22578687
2018-07-06,451.68,474.99,467.24,469.3,42719.95857763
2018-07-07,462.0,486.69,469.3,484.48,32601.96576381
2018-07-08,479.31,494.74,484.49,486.08,39468.25855777
2018-07-09,469.0,488.0,486.09,471.6,45759.94503975
2018-07-10,427.88,473.0,471.6,432.59,100665.53249183
2018-07-11,425.34,448.54,432.71,446.25,70923.10221158
2018-07-12,418.23,447.17,446.25,431.46,52128.61867084
2018-07-13,425.1,442.31,431.38,432.8,51453.54754722
2018-07-14,428.13,440.0,432.8,434.13,24290.88765523
2018-07-15,431.29,454.21,434.14,449.41,36806.36252991
2018-07-16,444.05,479.92,449.42,478.18,65262.41185478
2018-07-17,466.1,510.79,478.19,499.01,96530.99254641
2018-07-18,468.85,515.88,499.01,478.81,98509.85475243
2018-07-19,462.07,483.88,478.92,468.39,52575.33303783
2018-07-20,441.0,468.73,468.38,448.21,63247.13934367
2018-07-21,442.0,468.85,448.21,461.5,33370.03300077
2018-07-22,455.0,471.74,461.5,456.9,30453.61703928
2018-07-23,445.66,469.3,456.9,449.0,60608.22750801
2018-07-24,447.99,483.92,449.0,478.79,87160.56699552
2018-07-25,463.55,484.43,478.79,470.81,64253.17438848
2018-07-26,460.0,483.88,470.81,461.42,47802.50322557
2018-07-27,454.25,473.33,461.43,469.3,43939.28025599
2018-07-28,461.25,471.01,469.3,468.12,19179.64218383
2018-07-29,462.0,471.37,468.12,466.01,20117.80509384
2018-07-30,446.0,469.0,466.01,456.46,51162.28711265
2018-07-31,427.33,457.3,456.47,432.35,59440.91065082
2018-08-01,407.78,435.48,432.36,419.6,76974.23009648
2018-08-02,407.29,424.61,419.59,410.71,43453.78187481
2018-08-03,395.0,420.27,410.71,417.8,95200.1162607
2018-08-04,401.0,419.16,417.8,407.0,37316.36430412
2018-08-05,400.5,413.33,407.0,408.83,30585.81027505
2018-08-06,401.0,413.17,408.96,404.99,35553.84200703
2018-08-07,369.1,410.0,404.99,378.08,79598.40595612
2018-08-08,347.18,380.77,378.07,355.7,185480.83073366
2018-08-09,351.0,371.09,355.69,363.99,93660.54696981
2018-08-10,326.0,366.46,363.99,330.99,102786.11054812
2018-08-11,305.14,332.0,331.0,318.02,138086.69928099
2018-08-12,313.29,328.12,318.32,318.15,59713.51417242
2018-08-13,281.41,322.27,318.16,284.11,222117.52492092
2018-08-14,250.28,285.0,284.11,279.4,359941.01144007
2018-08-15,275.93,305.4,279.39,281.21,268255.89152066
2018-08-16,277.84,298.89,281.21,286.67,119548.61877195
2018-08-17,285.42,319.0,286.67,317.54,170451.92209544
2018-08-18,283.1,322.16,317.55,296.61,105672.19642623
2018-08-19,289.33,307.65,296.59,300.03,63555.26729245
2018-08-20,268.02,304.0,300.03,270.76,115416.72792886
2018-08-21,269.13,286.42,270.76,281.49,73300.85753571
2018-08-22,259.11,298.99,281.5,270.47,160772.15113457
2018-08-23,268.6,280.39,270.48,275.87,96644.34487666
2018-08-24,270.27,283.38,275.87,281.35,75748.64847814
2018-08-25,276.99,282.95,281.35,277.97,32482.25807385
2018-08-26,270.0,277.97,277.97,274.25,41263.99454601
2018-08-27,271.32,288.64,274.26,287.99,66277.9291864
2018-08-28,282.85,297.64,288.11,295.39,82043.13012686
2018-08-29,284.11,297.32,295.4,289.0,59249.050789
2018-08-30,272.13,290.99,288.99,284.52,82418.20650024
2018-08-31,276.66,284.7,284.52,281.94,50547.47759252
2018-09-01,281.94,302.2,281.95,294.64,60377.24722536
2018-09-02,288.42,298.72,294.65,295.06,45223.02715521
2018-09-03,285.76,296.38,295.06,288.6,57319.50761057
2018-09-04,282.1,292.11,288.6,285.43,74773.19149528
2018-09-05,225.53,287.95,285.43,227.56,233332.99898428
2018-09-06,211.0,233.6,227.56,229.03,283857.17980889
2018-09-07,214.0,234.23,229.35,215.21,132144.11290942
2018-09-08,190.0,220.0,215.2,197.0,194116.40458204
2018-09-09,185.39,208.5,197.0,195.91,155044.12347013
2018-09-10,186.59,202.7,195.92,196.94,137188.19392798
2018-09-11,175.5,199.25,196.94,185.15,179482.6357956
2018-09-12,167.0,185.15,185.15,182.79,253131.74321164
2018-09-13,182.91,215.0,182.92,211.39,291413.55188749
2018-09-14,202.5,224.3,211.15,210.0,223363.98301937
2018-09-15,208.26,227.55,210.0,221.69,116977.23283788
2018-09-16,208.01,223.43,221.7,220.19,98138.95587542
2018-09-17,192.2,224.9,220.19,195.97,231151.5274723
2018-09-18,194.05,214.87,196.09,208.5,146600.61495684
2018-09-19,197.34,214.68,208.22,209.81,169675.52807699
2018-09-20,206.64,227.34,209.81,224.41,177248.2184546
2018-09-21,221.0,252.0,224.41,247.76,275556.14523401
2018-09-22,232.67,255.0,247.76,240.71,125026.55905007
2018-09-23,237.1,249.79,240.71,244.35,76058.21331054
2018-09-24,225.15,245.79,244.35,228.01,126087.70355033
2018-09-25,203.24,228.01,228.01,219.19,239214.88967415
2018-09-26,207.23,222.43,219.19,214.15,154213.73310933
2018-09-27,210.01,233.5,214.15,229.0,175712.24138176
2018-09-28,215.0,234.59,229.0,220.67,139498.22319499
2018-09-29,213.7,235.35,220.67,231.01,108156.43724946
2018-09-30,225.5,238.69,231.01,232.27,92112.81192603
2018-10-01,223.45,234.92,232.27,230.4,85964.99535152
2018-10-02,221.44,231.08,230.4,224.85,76658.97876023
2018-10-03,214.0,224.9,224.85,219.01,95124.62230285
2018-10-04,218.31,225.66,219.1,221.0,74275.51465712
2018-10-05,218.0,230.34,221.0,226.89,71553.04039729
2018-10-06,222.32,227.51,226.88,223.85,32635.73942303
2018-10-07,220.0,225.95,223.85,224.82,31120.90366916
2018-10-08,222.25,231.1,224.83,227.68,52494.74130557
2018-10-09,225.06,228.45,227.71,226.15,41885.89404604
2018-10-10,221.52,226.25,226.14,223.61,56636.2682239
2018-10-11,184.81,223.61,223.61,188.32,316654.3133909
2018-10-12,187.15,198.5,188.32,194.1,94955.90937595
2018-10-13,193.45,198.37,194.01,196.72,39709.49692781
2018-10-14,189.13,199.41,196.72,191.87,50132.32545292
2018-10-15,189.96,220.64,192.05,204.53,222616.17410508
2018-10-16,202.1,207.97,204.55,205.43,56530.71462819
2018-10-17,201.2,206.35,205.43,203.21,65015.90657877
2018-10-18,195.15,205.56,203.21,199.2,102830.17997033
2018-10-19,197.8,201.47,199.1,200.0,49760.17159262
2018-10-20,199.31,204.66,200.0,202.69,73297.71204662
2018-10-21,201.19,205.66,202.69,202.12,34115.86267097
2018-10-22,198.75,203.0,202.12,201.25,46179.42865075
2018-10-23,197.96,201.96,201.25,201.12,41922.86883239
2018-10-24,200.38,202.47,201.12,200.68,40013.43593106
2018-10-25,195.83,200.72,200.68,199.65,69962.93507866
2018-10-26,198.64,204.35,199.66,200.7,48108.36095811
2018-10-27,200.42,201.7,200.71,201.46,21675.18980369
2018-10-28,201.0,202.85,201.46,202.43,21354.21586505
2018-10-29,190.92,202.65,202.44,194.31,78724.65664721
2018-10-30,192.6,196.41,194.29,195.35,57625.06380685
2018-10-31,191.4,200.0,195.36,196.95,56547.60918898
2018-11-01,196.2,198.63,196.95,197.96,35742.82382362
2018-11-02,197.8,201.75,197.96,199.75,45642.51794534
2018-11-03,197.51,200.0,199.75,198.35,27311.98346683
2018-11-04,198.1,217.77,198.46,210.06,99918.45884
2018-11-05,205.38,211.2,210.06,208.53,57325.49179142
2018-11-06,207.13,219.08,208.53,218.65,112409.82321353
2018-11-07,215.56,222.78,218.66,216.84,69736.02015595
2018-11-08,209.66,218.27,216.85,210.34,57923.00913792
2018-11-09,206.2,212.2,210.35,208.01,38594.06994426
2018-11-10,207.69,212.78,208.01,210.29,30237.75116139
2018-11-11,206.15,211.17,210.28,209.88,21445.01984029
2018-11-12,207.0,211.22,209.72,208.77,40880.42280294
2018-11-13,202.76,208.77,208.77,203.2,62704.03543844
2018-11-14,165.2,204.9,203.2,177.79,336823.61672987
2018-11-15,165.33,181.0,177.76,178.89,236756.41840392
2018-11-16,169.22,179.76,178.89,172.4,120624.58161092
2018-11-17,170.34,174.41,172.4,172.49,59323.10686193
2018-11-18,172.15,180.21,172.49,175.87,68496.26937723
2018-11-19,142.0,175.92,175.9,145.21,437034.79384885
2018-11-20,121.5,149.5,145.22,127.55,769531.16269751
2018-11-21,122.65,138.48,127.56,134.73,349956.46745766
2018-11-22,122.54,136.71,134.75,123.25,146571.74543072
2018-11-23,116.24,125.15,123.3,121.44,270783.54268914
2018-11-24,106.15,125.89,121.44,110.16,216618.50007219
2018-11-25,98.2,118.83,110.22,114.3,456787.11594616
2018-11-26,102.26,116.88,114.29,106.95,323797.00414135
2018-11-27,99.26,111.6,106.84,108.7,260914.59485603
2018-11-28,108.74,126.46,108.74,121.94,336446.6517417
2018-11-29,113.0,123.05,121.95,116.38,208250.88102992
2018-11-30,109.24,119.0,116.38,111.65,132379.95197781
2018-12-01,110.0,119.77,111.7,116.82,123338.64180085
2018-12-02,114.05,119.45,116.82,114.76,76262.88012718
2018-12-03,104.74,115.12,114.76,107.21,141150.72465588
2018-12-04,104.78,112.0,107.21,108.61,114117.39538312
2018-12-05,99.5,109.37,108.61,100.76,181819.43919535
2018-12-06,88.92,102.85,100.75,89.09,347693.32282974
2018-12-07,81.02,97.16,89.1,92.45,561764.88745187
2018-12-08,84.0,97.52,92.46,89.99,252970.51521697
2018-12-09,88.15,98.3,89.99,92.79,190909.13208633
2018-12-10,87.3,94.62,92.8,89.23,138872.09717663
2018-12-11,85.15,91.21,89.23,86.96,128274.4301784
2018-12-12,86.06,91.0,86.96,89.09,117430.49906082
2018-12-13,83.48,90.25,89.02,85.35,146120.43656492
2018-12-14,80.6,85.98,85.35,83.0,158096.10199817
2018-12-15,80.89,84.29,83.0,83.03,111703.11480954
2018-12-16,82.82,86.82,82.92,83.74,95638.40836968
2018-12-17,83.51,96.74,83.74,93.79,266398.71355486
2018-12-18,91.55,101.5,93.8,101.0,200102.85759057
2018-12-19,98.16,107.88,101.0,99.34,358540.81469224
2018-12-20,98.5,119.0,99.39,114.52,336677.57243746
2018-12-21,105.3,120.0,114.52,107.74,250746.79953019
2018-12-22,105.5,116.3,107.74,116.09,122011.29825044
2018-12-23,116.01,133.0,116.1,129.61,332666.35600676
2018-12-24,129.53,159.51,129.61,139.09,618285.82327341
2018-12-25,122.15,140.26,139.02,128.82,369771.52426131
2018-12-26,123.54,136.72,128.83,130.47,208096.40093351
2018-12-27,112.26,131.78,130.47,114.63,283102.63676172
2018-12-28,113.31,138.58,114.53,136.82,332662.38220525
2018-12-29,131.72,147.3,136.81,134.15,261566.1373545
2018-12-30,128.3,140.64,134.36,138.78,214924.88535576
2018-12-31,128.5,138.9,138.83,130.53,171863.09302169
2019-01-01,129.55,140.9,130.66,139.75,157652.41008451
2019-01-02,138.75,156.69,139.76,153.5,238326.55103927
2019-01-03,144.49,154.44,153.5,147.23,197122.58599257
2019-01-04,145.14,155.51,147.23,153.24,220512.57070221
2019-01-05,152.5,160.62,153.24,154.21,213686.16276661
2019-01-06,148.5,159.58,154.21,155.92,173438.86219927
2019-01-07,148.59,157.15,155.91,150.62,145179.87148568
2019-01-08,146.71,152.9,150.57,148.97,123724.63399899
2019-01-09,148.36,152.88,149.1,149.5,94953.11101914
2019-01-10,122.15,150.9,149.49,126.41,346632.61968851
2019-01-11,121.74,128.84,126.42,125.83,161522.39856758
2019-01-12,123.4,127.28,125.83,124.59,88962.93998702
2019-01-13,113.5,125.21,124.57,115.58,145212.54789435
2019-01-14,115.34,132.38,115.61,128.37,203574.72632038
2019-01-15,116.91,130.61,128.36,120.0,201834.22366877
2019-01-16,119.0,127.6,120.01,122.12,148908.69096552
2019-01-17,117.12,123.83,122.19,122.55,117990.75819607
2019-01-18,118.18,122.88,122.53,119.53,65948.75483108
2019-01-19,119.54,126.3,119.54,123.17,90928.9630829
2019-01-20,115.51,123.7,123.2,117.43,96855.28662478
2019-01-21,113.68,118.02,117.44,115.86,84283.26849933
2019-01-22,110.37,119.5,115.86,118.08,124950.90769255
2019-01-23,115.02,118.9,118.08,116.55,61060.32189658
2019-01-24,113.62,117.11,116.56,116.4,59367.65707181
2019-01-25,114.04,117.09,116.4,114.95,77821.19091979
2019-01-26,114.78,117.47,114.95,115.01,43621.34385393
2019-01-27,110.3,115.45,115.01,111.35,70799.34308281
2019-01-28,100.9,112.1,111.35,105.47,175738.30871965
2019-01-29,102.16,105.98,105.44,104.02,77500.92418347
2019-01-30,102.9,109.45,104.01,107.61,111443.14135118
2019-01-31,104.83,109.97,107.61,105.79,85581.12191545
2019-02-01,103.0,107.69,105.79,105.88,88491.11648974
2019-02-02,105.16,109.98,105.85,109.3,58843.40230811
2019-02-03,104.52,110.0,109.3,105.94,65945.94324768
2019-02-04,105.29,107.85,105.98,106.08,45781.08750642
2019-02-05,105.08,106.5,106.04,106.0,41040.00011483
2019-02-06,100.15,106.31,106.02,103.36,106516.79606559
2019-02-07,102.75,104.77,103.32,103.21,47915.93888922
2019-02-08,102.29,122.0,103.22,117.96,232502.28262242
2019-02-09,116.55,119.77,117.96,118.06,67741.85203653
2019-02-10,115.04,125.28,118.06,123.94,93443.53388736
2019-02-11,118.24,124.11,123.93,119.55,126354.21715778
2019-02-12,117.0,122.35,119.57,120.82,104451.63662862
2019-02-13,119.51,125.0,120.81,120.74,91230.80347702
2019-02-14,118.73,123.22,120.74,119.39,74312.95458156
2019-02-15,119.13,123.57,119.39,120.42,62036.48868837
2019-02-16,120.42,123.6,120.42,121.56,37397.10303824
2019-02-17,121.38,134.14,121.55,132.34,189286.81824004
2019-02-18,131.05,147.8,132.33,144.62,324838.34445571
2019-02-19,142.46,149.47,144.58,142.69,174940.35332438
2019-02-20,138.16,148.4,142.71,147.19,142484.55505055
2019-02-21,141.76,148.6,147.16,144.21,114594.16926271
2019-02-22,142.26,147.5,144.19,146.68,82908.85085031
2019-02-23,144.89,159.91,146.67,157.56,169420.2257729
2019-02-24,131.0,165.62,157.55,131.76,349219.94405158
2019-02-25,130.61,141.09,131.76,137.64,165457.69097425
2019-02-26,133.03,140.63,137.63,135.66,94611.60674136
2019-02-27,125.7,140.0,135.74,134.46,149133.38447066
2019-02-28,131.66,139.0,134.36,134.48,118030.51658506
2019-03-01,133.52,137.53,134.48,134.72,90382.88879399
2019-03-02,128.85,135.39,134.71,132.32,73890.52108609
2019-03-03,127.49,134.41,132.31,129.78,56761.42680555
2019-03-04,122.75,130.22,129.79,125.24,145880.92698053
2019-03-05,124.78,137.49,125.24,136.3,126482.54436724
2019-03-06,129.4,140.0,136.3,137.0,132735.21160008
2019-03-07,134.84,139.68,137.0,136.29,78148.67498289
2019-03-08,130.13,138.6,136.25,132.75,109051.38383922
2019-03-09,132.09,138.01,132.75,136.41,72226.47787985
2019-03-10,133.42,136.73,136.41,134.66,39485.26535825
2019-03-11,130.57,135.37,134.67,132.05,60950.85678864
2019-03-12,127.19,134.3,132.05,132.8,109786.4621842
2019-03-13,130.2,132.94,132.81,131.16,46032.46797637
2019-03-14,128.9,135.09,131.14,131.4,50560.72963066
2019-03-15,131.4,136.91,131.4,135.99,91959.49521847
2019-03-16,135.98,147.23,135.99,140.48,146871.31910951
2019-03-17,136.3,140.56,140.49,138.07,50370.40578707
2019-03-18,135.67,141.3,138.08,137.01,78074.3144158
2019-03-19,136.32,138.65,137.01,138.15,51002.41575666
2019-03-20,135.4,139.33,138.15,138.73,54900.47763403
2019-03-21,132.21,139.14,138.72,134.41,87061.37800034
2019-03-22,134.1,136.93,134.47,135.63,43537.77573634
2019-03-23,135.18,137.5,135.67,136.52,31767.16377086
2019-03-24,133.22,136.52,136.52,135.37,47018.65729994
2019-03-25,130.64,136.12,135.36,133.01,54980.7929363
2019-03-26,131.38,133.8,133.01,133.28,35935.77654048
2019-03-27,133.01,139.71,133.26,139.08,95849.8485137
2019-03-28,136.7,139.08,139.08,137.46,42440.12631835
2019-03-29,136.88,143.09,137.43,142.83,69918.16695945
2019-03-30,140.12,145.48,142.83,142.12,70292.40607708
2019-03-31,140.21,142.27,142.12,141.2,34441.10928232
2019-04-01,138.81,143.0,141.23,141.0,60125.58056027
2019-04-02,140.71,167.5,140.91,164.69,377851.4887581
2019-04-03,150.52,180.1,164.55,161.33,508272.16678562
2019-04-04,153.5,164.84,161.05,157.65,167376.33672998
2019-04-05,155.5,169.2,157.69,166.08,138429.58476632
2019-04-06,160.48,173.19,166.07,165.79,121006.88089457
2019-04-07,164.27,177.17,165.7,174.84,133596.30513451
2019-04-08,173.95,187.62,174.91,180.74,262579.62465928
2019-04-09,174.34,180.83,180.74,175.83,110942.00252594
2019-04-10,169.52,185.62,175.78,177.55,234412.23707184
2019-04-11,160.56,177.9,177.64,164.92,183632.89673191
2019-04-12,159.27,168.87,164.92,164.27,122195.27831273
2019-04-13,161.08,166.45,164.24,163.75,45742.98420894
2019-04-14,161.83,169.25,163.76,168.27,42758.2169932
2019-04-15,156.0,169.76,168.32,160.24,110835.43191846
2019-04-16,159.46,168.6,160.03,166.38,83300.80229979
2019-04-17,164.55,168.73,166.38,166.54,57218.56651837
2019-04-18,166.01,176.17,166.53,174.15,122931.05509079
2019-04-19,169.14,174.84,174.15,173.83,88665.991039
2019-04-20,170.87,177.84,173.83,173.73,65288.39101341
2019-04-21,166.33,174.45,173.74,169.9,72244.11862119
2019-04-22,168.21,173.65,169.89,171.58,79232.67046925
2019-04-23,169.01,176.94,171.59,170.14,128517.81262502
2019-04-24,160.3,171.08,170.21,165.75,135785.58300153
2019-04-25,146.0,166.34,165.54,152.05,160352.9439292
2019-04-26,148.26,156.0,152.07,153.41,138423.24332632
2019-04-27,152.54,159.0,153.42,155.66,60998.93058193
2019-04-28,152.16,156.45,155.73,153.19,50413.79060096
2019-04-29,148.81,154.69,153.17,152.36,67927.03934099
2019-04-30,152.32,161.2,152.4,160.4,98019.06623203
2019-05-01,156.59,163.25,160.39,158.3,68430.60820603
2019-05-02,155.91,160.57,158.31,158.7,57673.51245969
2019-05-03,157.61,169.26,158.7,164.74,119958.52315646
2019-05-04,158.0,168.71,164.73,161.85,121207.98149473
2019-05-05,157.28,163.4,161.93,161.25,76173.12414933
2019-05-06,157.78,175.97,161.26,171.07,143496.62724211
2019-05-07,165.2,180.69,171.08,166.51,206913.20117177
2019-05-08,162.0,172.03,166.5,169.58,124621.32917553
2019-05-09,165.25,173.33,169.61,170.11,108442.46096158
2019-05-10,167.49,176.32,170.11,172.21,187668.29578342
2019-05-11,172.19,207.0,172.23,192.52,458103.16155206
2019-05-12,182.39,204.19,192.59,188.23,324858.65370109
2019-05-13,185.62,209.85,188.23,196.51,347273.92922569
2019-05-14,195.17,221.0,196.38,217.44,449154.94366757
2019-05-15,216.84,250.79,217.66,249.0,537189.049239
2019-05-16,242.19,281.77,249.0,264.39,817730.92021458
2019-05-17,222.88,269.23,264.31,244.59,586719.23064754
2019-05-18,231.4,249.24,244.47,234.03,166530.75233775
2019-05-19,232.44,264.77,234.0,261.09,271401.01834159
2019-05-20,239.0,260.83,260.44,252.22,255384.8649075
2019-05-21,247.84,264.2,252.42,254.74,241217.96171467
2019-05-22,240.04,261.62,254.64,243.32,224807.14020856
2019-05-23,231.12,248.7,243.37,245.64,173213.80426885
2019-05-24,242.4,256.06,245.8,249.83,164082.25365936
2019-05-25,248.43,258.89,249.82,251.55,69549.67352134
2019-05-26,245.66,271.19,251.55,268.37,160477.67495655
2019-05-27,262.0,279.55,268.23,271.24,221001.51087716
2019-05-28,265.45,276.5,271.53,271.15,113649.4720459
2019-05-29,260.2,274.25,271.15,269.39,146998.82045879
2019-05-30,235.44,288.77,269.39,254.62,409842.88900647
2019-05-31,245.05,268.55,254.7,267.74,189923.24442757
2019-06-01,261.3,274.99,267.68,264.78,122918.63094281
2019-06-02,264.11,274.75,264.72,269.23,59571.35658779
2019-06-03,246.6,270.3,269.24,249.55,156011.2024819
2019-06-04,233.0,250.99,249.4,240.93,237867.29020342
2019-06-05,237.55,249.0,240.95,246.32,140417.13083672
2019-06-06,235.32,251.29,246.28,249.4,127820.31105012
2019-06-07,244.84,254.4,249.54,249.49,120802.14284974
2019-06-08,241.52,251.17,249.47,244.3,53536.02546265
2019-06-09,226.56,244.97,244.3,231.3,127013.25075945
2019-06-10,227.52,248.16,231.36,247.84,124592.5254577
2019-06-11,237.33,249.38,247.75,245.11,105193.94701042
2019-06-12,243.01,263.81,245.16,262.92,163750.61979963
2019-06-13,254.2,264.75,262.89,255.4,132862.50737434
2019-06-14,252.42,266.21,255.29,263.8,130707.86632348
2019-06-15,261.57,273.3,263.83,269.29,104725.00632798
2019-06-16,263.02,278.83,269.26,268.33,129767.84976422
2019-06-17,267.69,275.93,268.35,273.97,110046.64920659
2019-06-18,261.0,274.24,273.9,264.37,123601.20044052
2019-06-19,263.36,270.07,264.27,268.79,91888.67661292
2019-06-20,266.51,274.84,268.88,272.0,79241.93844686
2019-06-21,272.0,299.0,272.0,296.25,266126.47729855
2019-06-22,293.46,315.54,296.79,308.49,290407.69396188
2019-06-23,304.6,318.0,308.5,306.98,166054.97568955
2019-06-24,295.68,313.1,306.85,311.0,160200.27089955
2019-06-25,306.0,317.4,311.0,316.59,136811.07252438
2019-06-26,308.0,364.49,316.59,334.86,554774.40893851
2019-06-27,273.5,343.82,334.81,293.47,502689.16596106
2019-06-28,289.66,312.9,293.47,309.37,208306.57785915
2019-06-29,291.25,324.5,309.38,317.0,184051.58650003
2019-06-30,286.0,323.61,317.04,290.07,164606.3739219
2019-07-01,278.65,301.32,290.08,293.7,184839.74588246
2019-07-02,270.42,296.24,293.72,291.25,221624.50052172
2019-07-03,289.61,303.83,291.25,301.79,105705.70508639
2019-07-04,280.1,304.0,301.77,282.8,100227.78726344
2019-07-05,280.0,294.9,282.81,288.0,106439.56862999
2019-07-06,285.31,298.25,287.83,287.57,67042.77052392
2019-07-07,283.87,310.7,287.58,306.34,124381.70907471
2019-07-08,302.24,315.0,306.33,313.24,107535.39042955
2019-07-09,302.78,318.6,313.23,307.92,127696.99944532
2019-07-10,281.3,314.98,307.95,288.64,188864.02455619
2019-07-11,261.57,288.68,288.68,268.68,220929.69769032
2019-07-12,266.37,279.3,268.88,275.55,87768.42959196
2019-07-13,261.79,276.34,275.62,269.04,82315.42742837
2019-07-14,222.7,270.02,268.99,225.76,233603.44513134
2019-07-15,203.0,235.87,225.96,228.28,396067.77282556
2019-07-16,190.11,234.58,228.2,198.89,405991.73776733
2019-07-17,192.04,221.0,198.92,211.4,264597.39633053
2019-07-18,206.2,229.99,211.55,226.31,227395.84250302
2019-07-19,213.15,226.78,226.29,221.21,118256.35139233
2019-07-20,219.98,236.58,221.3,228.89,108052.81733306
2019-07-21,217.04,229.85,228.84,225.64,91169.56939364
2019-07-22,211.45,228.28,225.7,217.13,110967.22826496
2019-07-23,208.43,219.11,217.13,211.93,120650.93848248
2019-07-24,200.5,218.14,211.96,216.59,162160.41709381
2019-07-25,215.19,226.22,216.55,219.28,104748.44286272
2019-07-26,212.69,222.12,219.29,219.35,75266.41662311
2019-07-27,202.46,224.14,219.42,207.11,130620.90261067
2019-07-28,197.0,213.98,207.11,211.5,81987.96383481
2019-07-29,205.7,215.31,211.5,210.73,93192.25144299
2019-07-30,204.0,214.56,210.7,209.83,55786.22007482
2019-07-31,209.53,218.92,209.8,218.7,65562.00210273
2019-08-01,211.0,219.3,218.68,217.55,63542.11348322
2019-08-02,214.82,222.77,217.53,217.8,76956.2426997
2019-08-03,215.5,224.81,217.86,222.14,72439.25920706
2019-08-04,217.37,224.04,222.15,222.81,42059.8553061
2019-08-05,222.82,236.9,222.87,233.0,122200.24027698
2019-08-06,222.05,239.45,232.91,225.81,116406.49371703
2019-08-07,220.0,231.22,225.82,225.8,90294.83853933
2019-08-08,213.7,226.48,225.96,220.81,102248.08047428
2019-08-09,206.5,221.3,220.83,210.3,86725.7821728
2019-08-10,200.38,214.68,210.3,206.1,78386.70942215
2019-08-11,205.63,216.58,206.11,216.06,53920.19155512
2019-08-12,209.51,216.47,216.21,211.26,63007.74590222
2019-08-13,202.8,211.28,211.28,208.58,84753.26760416
2019-08-14,181.6,209.13,208.49,186.3,179928.54755359
2019-08-15,171.0,191.47,186.3,188.2,175478.78465505
2019-08-16,178.47,188.21,188.2,185.26,68769.95687118
2019-08-17,181.57,186.9,185.25,185.59,38299.77489852
2019-08-18,183.31,198.17,185.59,194.74,66730.98135188
2019-08-19,193.0,203.91,194.74,202.32,66346.48442619
2019-08-20,194.52,202.81,202.32,196.56,62215.84391136
2019-08-21,180.0,197.17,196.56,187.37,105456.79961362
2019-08-22,182.53,195.11,187.29,190.41,77023.06777788
2019-08-23,188.56,196.66,190.42,194.59,85533.19472661
2019-08-24,186.02,194.59,194.55,190.89,43117.71933613
2019-08-25,182.04,192.76,190.9,186.59,42924.71730806
2019-08-26,185.51,194.28,186.6,188.3,69639.14164157
2019-08-27,184.33,189.0,188.26,186.94,42651.99630144
2019-08-28,165.9,187.92,186.95,172.79,115048.02313062
2019-08-29,163.57,173.51,172.81,168.82,94511.90637422
2019-08-30,165.3,170.43,168.92,168.4,60991.56306126
2019-08-31,165.5,175.0,168.45,171.93,38474.87409743
2019-09-01,168.03,173.98,171.89,171.29,41984.88292842
2019-09-02,170.54,181.78,171.31,178.8,60890.77326734
2019-09-03,174.2,183.15,178.81,178.96,76512.19739815
2019-09-04,173.29,180.33,179.09,174.82,58944.58363482
2019-09-05,168.82,175.82,174.83,174.0,54459.52734815
2019-09-06,164.99,178.45,174.01,169.2,79408.28186347
2019-09-07,168.38,181.07,169.25,178.08,59067.8275201
2019-09-08,176.01,184.73,178.08,181.56,74954.60693096
2019-09-09,176.11,186.0,181.56,180.63,65713.85192782
2019-09-10,176.6,184.55,180.64,179.64,46977.59300526
2019-09-11,173.7,182.49,179.65,178.3,59154.85755616
2019-09-12,176.46,182.66,178.31,181.09,32447.47898189
2019-09-13,177.57,181.85,181.05,181.65,51330.3237735
2019-09-14,180.4,189.32,181.65,188.85,59593.5066095
2019-09-15,186.3,190.99,188.88,189.3,69949.05939013
2019-09-16,188.23,199.55,189.31,197.59,112064.05199504
2019-09-17,195.67,215.0,197.59,207.95,180307.35677094
2019-09-18,207.5,217.49,207.95,210.27,111866.08222226
2019-09-19,200.98,224.71,210.28,220.8,167317.15562892
2019-09-20,212.0,222.38,220.85,218.06,91581.94212672
2019-09-21,213.35,221.61,218.02,214.8,65798.83554123
2019-09-22,206.02,215.45,214.87,211.1,64814.29444826
2019-09-23,198.18,211.6,211.17,200.8,92704.99923469
2019-09-24,157.75,202.72,201.06,166.26,405426.94795946
2019-09-25,162.25,175.25,166.26,170.0,183524.37413052
2019-09-26,152.11,171.0,170.0,165.85,188006.849955
2019-09-27,161.19,177.24,165.85,174.44,109649.43559361
2019-09-28,168.21,176.0,174.36,173.9,75406.27245908
2019-09-29,164.34,175.26,173.9,169.38,72173.97481869
2019-09-30,165.2,181.85,169.39,181.17,126949.56757796
2019-10-01,173.85,185.89,181.22,176.15,97883.38773094
2019-10-02,174.15,181.66,176.14,180.82,73478.77608148
2019-10-03,169.59,181.26,180.9,175.05,70968.26833233
2019-10-04,170.77,179.69,175.11,175.97,52275.84820737
2019-10-05,172.27,177.05,175.97,176.73,32009.68689295
2019-10-06,167.5,177.12,176.72,170.18,57631.70410292
2019-10-07,168.61,182.5,170.18,180.26,90340.80934495
2019-10-08,177.42,185.3,180.29,180.72,67362.24343145
2019-10-09,179.2,196.09,180.73,193.26,147160.11182224
2019-10-10,187.29,194.85,193.26,191.79,86674.1411952
2019-10-11,179.23,197.93,191.86,180.84,121748.84380072
2019-10-12,177.27,184.87,180.94,179.86,57840.90237742
2019-10-13,178.63,184.75,179.76,181.18,51204.16843879
2019-10-14,180.52,187.91,181.12,186.85,60870.08017908
2019-10-15,176.48,188.58,186.86,180.58,119904.59634039
2019-10-16,171.7,181.2,180.56,174.5,83244.34068561
2019-10-17,172.79,179.71,174.55,177.31,67073.57692863
2019-10-18,168.34,177.49,177.31,172.96,80245.09602392
2019-10-19,169.72,175.5,172.96,172.09,47766.30788022
2019-10-20,169.11,176.8,172.05,175.49,43323.2493949
2019-10-21,171.45,178.0,175.49,174.37,69165.37852042
2019-10-22,170.47,175.4,174.36,171.3,41854.53917383
2019-10-23,153.0,174.05,171.26,162.49,204251.4778462
2019-10-24,158.9,164.0,162.42,160.67,56468.22413448
2019-10-25,160.57,187.74,160.67,181.66,158620.93268548
2019-10-26,173.86,199.5,181.66,180.03,241944.54485677
2019-10-27,176.84,189.18,180.02,184.41,85150.97041769
2019-10-28,181.0,190.0,184.32,182.02,83795.56183726
2019-10-29,181.72,193.41,182.03,191.1,67590.05967617
2019-10-30,180.05,192.2,191.03,183.38,74614.13014363
2019-10-31,177.81,185.47,183.4,182.38,63173.80698137
2019-11-01,177.39,184.99,182.38,183.19,61313.90214742
2019-11-02,181.91,186.19,183.26,183.25,29643.79000242
2019-11-03,179.11,185.0,183.26,181.73,23415.99177531
2019-11-04,180.45,189.5,181.73,186.25,52941.33587948
2019-11-05,181.76,192.47,186.26,188.88,71159.65174538
2019-11-06,187.87,194.6,188.88,191.13,53163.07554597
2019-11-07,184.14,192.27,191.17,186.42,44563.94990128
2019-11-08,180.71,188.09,186.42,183.62,66332.92266474
2019-11-09,182.21,185.7,183.62,184.77,31447.97094429
2019-11-10,183.41,192.0,184.77,188.88,44224.51984423
2019-11-11,183.77,190.0,188.89,184.65,34818.77604733
2019-11-12,182.07,187.27,184.65,186.98,41578.59846537
2019-11-13,185.08,189.31,186.98,187.72,33802.01492951
2019-11-14,182.75,188.45,187.81,184.55,81996.7273791
2019-11-15,177.0,186.59,184.55,179.82,97521.84219423
2019-11-16,178.95,183.17,179.79,182.25,32159.27524038
2019-11-17,180.0,186.26,182.23,183.88,34966.19809893
2019-11-18,173.56,183.95,183.88,177.85,57753.51387824
2019-11-19,172.38,178.14,177.8,175.73,45880.80040413
2019-11-20,173.26,177.25,175.75,174.35,48839.47664908
2019-11-21,155.0,175.49,174.35,160.82,142035.81431758
2019-11-22,137.8,162.65,160.83,149.97,282192.72934448
2019-11-23,146.37,154.54,149.98,152.0,88211.89264035
2019-11-24,138.53,153.19,152.0,139.99,86567.95699641
2019-11-25,131.8,151.69,140.1,145.91,223502.71656311
2019-11-26,143.57,149.9,146.16,147.83,72544.44431373
2019-11-27,141.02,155.89,147.83,153.0,129890.14649212
2019-11-28,149.31,155.0,153.04,151.01,56243.39113343
2019-11-29,150.5,157.73,151.01,154.75,82606.47013886
2019-11-30,149.6,155.45,154.75,151.78,45611.17813513
2019-12-01,145.97,152.67,151.61,150.97,59294.95282201
2019-12-02,146.82,151.65,150.94,148.97,42531.00970201
2019-12-03,145.67,150.0,148.83,147.33,39186.51439846
2019-12-04,143.17,153.0,147.33,145.5,100067.8290018
2019-12-05,143.8,148.95,145.5,148.18,48788.47831841
2019-12-06,145.75,149.85,148.2,148.82,45179.42472738
2019-12-07,147.2,149.88,148.82,147.43,22433.78975537
2019-12-08,146.36,152.0,147.41,150.71,34863.39671715
2019-12-09,146.69,151.47,150.7,147.3,46803.5083513
2019-12-10,143.81,148.22,147.28,145.55,42296.17158865
2019-12-11,142.01,146.29,145.54,143.29,32984.0629026
2019-12-12,139.1,146.12,143.29,144.69,71296.16682566
2019-12-13,142.76,145.13,144.7,144.7,40038.07083
2019-12-14,141.11,145.03,144.7,141.73,35634.32109091
2019-12-15,139.8,143.99,141.72,142.38,38771.46693104
2019-12-16,129.03,142.53,142.38,132.36,112774.91970049
2019-12-17,119.5,132.66,132.36,121.83,190028.12824453
2019-12-18,116.25,134.81,121.84,132.89,203446.51981441
2019-12-19,125.68,134.11,132.89,128.18,93934.20288922
2019-12-20,125.71,129.32,128.18,128.37,44379.22091837
2019-12-21,126.63,128.45,128.36,127.09,25941.74023594
2019-12-22,126.89,133.22,127.16,132.4,40439.9594125
2019-12-23,126.16,135.24,132.4,127.78,62248.12241615
2019-12-24,126.5,129.5,127.75,127.71,34976.25422744
2019-12-25,123.16,127.77,127.67,125.0,45117.58085216
2019-12-26,124.06,132.06,125.0,125.49,51891.10919615
2019-12-27,122.15,126.7,125.49,126.23,39780.97303035
2019-12-28,125.8,129.6,126.23,127.91,47036.68791942
2019-12-29,127.22,137.85,127.95,134.3,64885.83350862
2019-12-30,129.79,135.97,134.31,131.1,58811.72784574
2019-12-31,127.6,133.19,131.08,128.54,85044.39188554
2020-01-01,128.12,132.68,128.54,130.19,57512.49500629
2020-01-02,125.83,130.18,130.14,126.81,49211.56901537
2020-01-03,125.52,134.93,126.81,134.17,88651.89284841
2020-01-04,132.5,135.75,134.17,134.14,31254.84712421
2020-01-05,134.14,138.97,134.14,135.31,45353.69311227
2020-01-06,134.78,144.51,135.31,144.19,91523.60992709
2020-01-07,138.79,145.25,144.2,143.08,96525.42253821
2020-01-08,137.03,148.0,143.08,140.6,101682.09291578
2020-01-09,135.12,141.38,140.64,137.71,61184.99933797
2020-01-10,135.26,145.81,137.72,144.72,137620.99823131
2020-01-11,142.0,148.0,144.89,142.63,52850.50876755
2020-01-12,141.83,146.6,142.51,146.6,35450.66532334
2020-01-13,142.1,147.0,146.55,143.51,44072.65864059
2020-01-14,143.45,170.83,143.5,165.76,258408.61594025
2020-01-15,159.13,172.18,165.74,166.29,165292.68609565
2020-01-16,158.17,167.28,166.27,163.93,88188.75031049
2020-01-17,162.01,174.52,164.0,169.59,134919.66648757
2020-01-18,164.92,179.32,169.54,174.06,113052.32285408
2020-01-19,161.7,178.0,174.05,166.75,113433.68959115
2020-01-20,161.1,169.3,166.67,166.68,66340.77435099
2020-01-21,164.28,170.0,166.66,169.19,61518.4955582
2020-01-22,165.65,171.05,169.29,167.68,49452.51856158
2020-01-23,158.44,167.79,167.73,162.4,69309.04423236
2020-01-24,154.48,164.21,162.49,162.3,88510.10066684
2020-01-25,157.4,162.41,162.31,160.12,36677.5237579
2020-01-26,159.09,167.59,160.0,167.35,44653.7353865
2020-01-27,164.89,171.7,167.58,169.77,84463.87778454
2020-01-28,169.78,176.5,169.78,175.99,102264.17475594
2020-01-29,173.13,178.31,175.91,173.45,85409.92407361
2020-01-30,170.0,186.89,173.41,184.55,104426.47390742
2020-01-31,175.0,185.68,184.52,179.74,108639.77662455
2020-02-01,179.0,184.2,179.72,183.5,65650.16851655
2020-02-02,178.98,193.52,183.49,188.29,96138.84421015
2020-02-03,186.25,195.21,188.22,189.42,89093.19595622
2020-02-04,184.29,191.37,189.41,188.24,89059.71463466
2020-02-05,186.89,207.93,188.25,204.0,143938.17466042
2020-02-06,200.54,216.49,204.01,212.95,162316.43667648
2020-02-07,212.94,224.78,212.94,223.22,161651.51487279
2020-02-08,213.24,228.4,223.22,223.37,137475.60159995
2020-02-09,223.16,230.9,223.36,228.8,111211.55092349
2020-02-10,216.31,229.6,228.8,222.85,106485.3898759
2020-02-11,217.83,239.92,222.86,237.98,174444.85728588
2020-02-12,237.95,276.15,237.99,266.49,293996.34960631
2020-02-13,253.75,278.01,266.63,268.42,264197.24736242
2020-02-14,260.13,287.98,268.37,286.27,191566.74315799
2020-02-15,261.35,290.0,285.95,264.92,251243.79219334
2020-02-16,236.37,274.0,264.83,258.5,248679.14437688
2020-02-17,242.36,269.0,258.58,268.03,204959.48476961
2020-02-18,259.24,286.87,268.2,283.31,211662.70708459
2020-02-19,250.0,287.13,283.34,258.66,239803.85463207
2020-02-20,245.25,264.26,258.51,257.4,203271.5155604
2020-02-21,254.1,268.71,257.2,265.8,136892.24699258
2020-02-22,256.3,267.04,265.79,262.08,63814.59112412
2020-02-23,261.53,276.62,261.94,275.48,104405.13989679
2020-02-24,256.06,278.13,275.48,265.31,197775.66826806
2020-02-25,244.44,266.24,265.53,246.5,152709.51365655
2020-02-26,215.33,250.84,246.28,223.5,404352.61565839
2020-02-27,209.26,239.0,223.78,227.63,342714.17971542
2020-02-28,213.63,234.9,227.6,227.37,258340.98757632
2020-02-29,216.83,233.32,227.13,217.31,93401.32179224
2020-03-01,211.5,227.99,217.36,217.26,144339.90935814
2020-03-02,215.75,234.5,217.34,232.12,189047.53250784
2020-03-03,220.0,232.92,232.12,223.75,173987.90547375
2020-03-04,220.39,228.83,223.72,224.56,106846.75811775
2020-03-05,224.49,234.47,224.49,228.64,160025.91518532
2020-03-06,227.77,245.84,228.6,245.56,140307.21140132
2020-03-07,236.67,253.01,245.53,237.75,147025.87399131
2020-03-08,196.0,237.75,237.75,199.46,293962.39516435
2020-03-09,189.85,208.65,199.51,202.77,461839.12853606
2020-03-10,195.17,206.28,202.76,200.5,184956.93858031
2020-03-11,181.0,202.98,200.63,194.61,240340.20653555
2020-03-12,101.22,195.64,194.62,110.3,1290935.34805301
2020-03-13,90.0,148.0,110.3,135.51,1322282.9798003
2020-03-14,120.71,135.9,135.44,122.17,284672.85934781
2020-03-15,119.84,134.1,122.11,123.3,438391.83520594
2020-03-16,100.5,123.75,123.33,111.38,891238.58022214
2020-03-17,109.66,121.49,111.36,116.09,418552.55664492
2020-03-18,110.18,118.88,116.06,118.6,306306.60980115
2020-03-19,115.72,144.44,118.59,136.68,486951.21183315
2020-03-20,115.51,154.0,136.65,133.27,626525.45202553
2020-03-21,125.84,137.64,133.35,132.79,259380.31056445
2020-03-22,120.9,137.38,132.79,122.42,261957.09352208
2020-03-23,119.2,138.0,122.31,137.0,392334.34456747
2020-03-24,133.04,144.16,137.0,139.0,328276.63196021
2020-03-25,132.5,142.79,138.95,136.26,228043.63383605
2020-03-26,133.52,140.36,136.35,139.0,168611.79605607
2020-03-27,130.0,142.5,139.0,131.56,173786.92012003
2020-03-28,125.01,133.8,131.56,131.35,172811.93639922
2020-03-29,123.72,132.18,131.36,124.35,93067.42014241
2020-03-30,124.05,135.48,124.43,132.32,154018.23932986
2020-03-31,130.45,135.35,132.3,133.08,86613.22974083
2020-04-01,128.6,137.4,133.08,136.14,99102.5178578
2020-04-02,135.5,150.5,136.14,141.53,214501.14100152
2020-04-03,138.0,146.81,141.48,141.54,120557.4337924
2020-04-04,139.04,146.69,141.48,144.48,85410.10645987
2020-04-05,140.81,145.98,144.49,142.79,64777.90082877
2020-04-06,142.79,172.19,142.79,171.5,398555.26124929
2020-04-07,161.47,176.82,171.56,164.57,533130.95121358
2020-04-08,163.49,174.77,164.54,173.36,192588.6023951
2020-04-09,165.32,173.55,173.43,169.75,165254.80474587
2020-04-10,152.3,170.39,169.71,158.1,258810.1653336
2020-04-11,154.2,161.5,158.1,158.55,96587.83228092
2020-04-12,155.31,165.45,158.68,158.87,133037.62244785
2020-04-13,149.7,159.44,158.82,156.76,233848.97745777
2020-04-14,155.56,163.0,156.76,158.65,198839.23382124
2020-04-15,152.17,161.5,158.68,152.77,142489.51028959
2020-04-16,148.08,175.2,152.76,172.55,376129.26054849
2020-04-17,168.5,175.1,172.58,170.89,136537.58680864
2020-04-18,170.69,191.22,170.85,187.88,320092.58324239
2020-04-19,176.53,189.92,187.85,180.39,194900.14018716
2020-04-20,166.4,186.67,180.28,170.5,280053.96893369
2020-04-21,168.44,174.93,170.39,171.07,169875.06657111
2020-04-22,170.02,184.41,171.05,183.11,178433.47878367
2020-04-23,178.44,194.86,183.1,185.66,271745.32794126
2020-04-24,184.97,189.91,185.65,187.84,125300.66822971
2020-04-25,185.97,198.2,187.92,194.42,147021.91304917
2020-04-26,192.54,200.0,194.42,197.83,134905.32156149
2020-04-27,189.6,199.41,197.8,196.78,165535.9963748
2020-04-28,192.5,197.95,196.88,196.67,105608.41827873
2020-04-29,196.64,219.59,196.64,215.66,377357.2932836
2020-04-30,202.3,227.5,215.74,206.23,410315.64169167
2020-05-01,206.18,217.58,206.22,212.09,153088.48477931
2020-05-02,210.57,215.59,212.08,214.25,86048.74335239
2020-05-03,205.28,219.48,214.25,210.24,145164.74879656
2020-05-04,195.17,210.96,210.24,206.86,209514.67319864
2020-05-05,201.33,212.17,207.02,205.43,126463.17604265
2020-05-06,198.18,211.21,205.5,199.26,172142.53654051
2020-05-07,196.82,215.99,199.1,212.47,259914.56415047
2020-05-08,207.2,217.0,212.5,211.59,156564.17053734
2020-05-09,208.27,214.79,211.65,210.0,120178.88081369
2020-05-10,180.01,210.06,210.06,187.73,479238.22296594
2020-05-11,176.43,193.77,187.65,185.93,266403.27205753
2020-05-12,185.79,192.89,185.93,190.1,114408.63558372
2020-05-13,188.36,201.59,189.93,199.92,145067.37490257
2020-05-14,195.7,206.25,199.92,203.4,169935.22065409
2020-05-15,191.35,204.3,203.4,194.7,145885.04950668
2020-05-16,193.24,203.36,194.66,200.53,89046.63238362
2020-05-17,199.1,210.0,200.5,207.05,114512.3105608
2020-05-18,206.99,216.99,207.05,214.97,163043.28096713
2020-05-19,209.22,215.84,214.86,214.71,98910.17410947
2020-05-20,205.1,215.5,214.8,209.96,104103.82197937
2020-05-21,191.27,211.52,209.95,198.62,179532.29834323
2020-05-22,196.12,209.28,198.61,207.32,129598.18331979
2020-05-23,204.56,211.3,207.3,206.66,67466.85940148
2020-05-24,199.3,210.67,206.61,199.63,106095.09791687
2020-05-25,198.01,205.71,199.63,204.06,81997.29845547
2020-05-26,196.65,205.03,204.13,200.91,100703.87164821
2020-05-27,200.76,208.48,200.87,208.41,77179.58901738
2020-05-28,204.5,220.68,208.41,220.44,146497.83268041
2020-05-29,217.52,224.84,220.39,220.62,135620.52543794
2020-05-30,218.33,247.36,220.55,243.84,254679.91896954
2020-05-31,229.46,245.46,243.85,231.54,162582.98189044
2020-06-01,230.59,251.46,231.43,248.41,216373.63959941
2020-06-02,225.6,253.6,248.42,237.71,270793.52134846
2020-06-03,233.28,245.39,237.7,244.6,112638.13782506
2020-06-04,236.17,246.73,244.59,243.18,159033.0192543
2020-06-05,238.65,247.9,243.18,240.04,117168.70393642
2020-06-06,237.67,244.52,240.04,241.92,60101.61055226
2020-06-07,234.48,245.45,241.92,244.81,128372.56725763
2020-06-08,240.82,247.97,244.79,246.55,93327.75056481
2020-06-09,238.91,249.99,246.55,244.03,111405.53181014
2020-06-10,242.13,250.56,244.04,248.16,142311.15342422
2020-06-11,225.2,250.26,248.27,230.15,240083.16277683
2020-06-12,227.84,239.54,230.14,237.53,133036.84861839
2020-06-13,234.11,238.8,237.57,238.17,46315.99128011
2020-06-14,229.75,238.59,238.18,231.34,108186.66771876
2020-06-15,217.79,234.0,231.34,230.98,240181.57688417
2020-06-16,228.78,236.02,230.96,235.34,86465.3143021
2020-06-17,227.5,237.0,235.35,233.71,89376.40701295
2020-06-18,227.37,234.5,233.69,231.05,64198.37536142
2020-06-19,226.43,231.9,231.05,228.66,66279.2578057
2020-06-20,225.5,230.67,228.67,228.8,44777.05564533
2020-06-21,226.86,231.29,228.8,227.68,44083.75435657
2020-06-22,227.2,246.95,227.7,243.23,166917.79861423
2020-06-23,240.73,244.8,243.24,243.12,73617.26296542
2020-06-24,230.66,249.04,243.08,234.44,145340.38961032
2020-06-25,227.05,235.24,234.44,231.97,115681.75713751
2020-06-26,227.3,233.25,231.94,229.44,82611.98976703
2020-06-27,215.16,231.1,229.45,220.76,131871.65434052
2020-06-28,217.35,227.93,220.74,224.76,67155.35599069
2020-06-29,220.98,229.98,224.94,227.81,81211.44620718
2020-06-30,222.93,228.69,227.81,225.48,57678.36075887
2020-07-01,224.11,232.77,225.5,231.03,91282.48097
2020-07-02,222.78,232.15,231.15,226.48,89324.15323347
2020-07-03,224.31,228.26,226.43,225.06,67562.68650168
2020-07-04,224.5,231.04,224.98,229.34,50798.99631699
2020-07-05,223.5,229.93,229.34,227.67,45635.09435721
2020-07-06,227.08,241.99,227.62,241.65,140881.46531449
2020-07-07,234.55,243.82,241.71,239.37,84359.1623332
2020-07-08,237.91,249.0,239.37,247.14,135216.77486401
2020-07-09,237.04,247.67,247.11,242.0,107698.9573371
2020-07-10,235.56,242.12,242.0,241.2,71281.88112286
2020-07-11,237.43,241.58,241.26,239.17,38867.95249326
2020-07-12,236.51,243.9,239.18,242.81,61521.88398572
2020-07-13,236.97,245.37,242.81,239.44,123671.07492457
2020-07-14,236.66,242.01,239.25,240.43,70522.17530535
2020-07-15,236.36,241.44,240.4,238.33,116172.66592129
2020-07-16,229.77,239.16,238.35,233.41,143676.50946975
2020-07-17,230.87,234.55,233.47,232.63,77645.60947152
2020-07-18,232.24,236.97,232.59,235.72,48348.08464248
2020-07-19,233.28,240.0,235.69,239.17,47600.88537256
2020-07-20,233.85,239.8,239.26,236.1,75335.42836551
2020-07-21,235.77,247.18,236.12,245.65,132078.78763576
2020-07-22,241.62,269.49,245.64,264.28,152721.59642151
2020-07-23,260.1,282.6,264.28,275.68,309092.34216714
2020-07-24,268.39,287.8,275.56,279.59,180943.23090308
2020-07-25,279.62,310.0,279.66,305.66,245086.41093138
2020-07-26,300.21,319.86,305.55,311.35,238205.01599146
2020-07-27,311.38,334.34,311.43,322.24,412079.37629514
2020-07-28,306.29,327.34,322.41,317.59,208395.56039785
2020-07-29,312.66,325.85,317.52,318.16,166994.96333734
2020-07-30,314.52,342.4,318.15,335.31,175330.87646686
2020-07-31,328.35,349.74,335.25,346.86,199448.47978816
2020-08-01,343.75,394.0,346.86,387.4,308505.50003166
2020-08-02,325.75,415.0,387.4,372.21,573146.54484066
2020-08-03,366.34,399.69,372.19,386.22,246596.56665901
2020-08-04,380.67,403.64,386.27,389.82,250989.95459676
2020-08-05,383.86,408.0,389.76,401.21,208377.2177264
2020-08-06,391.0,404.03,401.21,395.28,147321.25541594
2020-08-07,362.88,398.57,395.28,379.75,258109.56327072
2020-08-08,376.18,400.06,379.76,397.51,109615.57796907
2020-08-09,384.02,401.0,397.5,390.41,144028.58904543
2020-08-10,385.44,400.21,390.41,395.78,198449.18038811
2020-08-11,364.77,398.3,395.77,378.88,231283.21718575
2020-08-12,365.19,389.57,378.92,387.27,193171.5051413
2020-08-13,376.46,432.94,387.27,424.94,363868.52826094
2020-08-14,417.52,445.45,425.0,438.83,320572.96388462
2020-08-15,428.0,443.33,438.83,432.55,170960.90077551
2020-08-16,412.51,437.0,432.67,433.7,198013.6894012
2020-08-17,420.5,447.5,433.71,431.5,221839.14358535
2020-08-18,414.44,434.27,431.5,422.31,148682.30738539
2020-08-19,393.75,426.97,422.31,407.59,212936.96902525
2020-08-20,402.3,419.58,407.6,415.92,146536.51021535
2020-08-21,385.0,418.92,415.92,388.05,218376.51497554
2020-08-22,379.53,399.73,388.0,395.62,145453.08931908
2020-08-23,383.67,400.0,395.52,390.9,79939.92783349
2020-08-24,387.72,411.97,390.78,407.76,153521.94600679
2020-08-25,369.36,409.31,407.76,383.33,189576.54223265
2020-08-26,377.56,393.5,383.26,386.1,131417.52221164
2020-08-27,371.5,397.15,386.12,383.25,121889.95194935
2020-08-28,379.67,398.16,383.27,395.47,123755.41938251
2020-08-29,392.34,405.82,395.35,398.58,89963.76995825
2020-08-30,398.24,429.9,398.57,428.94,170379.4456584
2020-08-31,418.16,439.0,428.92,433.89,168619.80537213
2020-09-01,429.66,488.95,433.88,475.57,333743.62207967
2020-09-02,420.58,481.2,475.57,440.02,320308.05438354
2020-09-03,370.0,451.0,439.99,382.87,407832.29146336
2020-09-04,359.0,400.5,382.15,388.96,286186.00739699
2020-09-05,310.0,394.38,389.2,335.25,607878.87819331
2020-09-06,316.43,360.61,335.25,352.77,266338.83290829
2020-09-07,323.17,358.66,352.85,353.71,215514.08931085
2020-09-08,325.36,357.01,353.71,337.48,209229.73612667
2020-09-09,330.6,359.41,337.48,351.1,166730.61512655
2020-09-10,350.23,377.79,351.11,368.06,217245.43576712
2020-09-11,355.81,375.38,367.94,373.93,132464.58690229
2020-09-12,364.88,388.25,373.93,387.81,109437.79363532
2020-09-13,353.58,390.41,387.82,366.58,164465.94392732
2020-09-14,355.66,384.61,366.58,377.28,190573.77197746
2020-09-15,362.5,382.76,377.27,364.2,170054.9627384
2020-09-16,355.0,373.37,364.05,365.23,130167.7980122
2020-09-17,363.4,394.55,365.22,389.45,212965.41279613
2020-09-18,375.19,392.69,389.52,384.64,163353.49313499
2020-09-19,377.2,388.43,384.6,385.23,70257.87733175
2020-09-20,364.89,385.31,385.25,370.69,89803.37071302
2020-09-21,331.0,376.76,371.03,340.11,266795.43383713
2020-09-22,335.57,346.84,340.36,344.26,125988.89838001
2020-09-23,313.0,344.64,344.25,320.63,190725.11444266
2020-09-24,316.65,353.14,320.65,349.14,183245.45463309
2020-09-25,337.63,358.12,349.14,352.11,126913.44997664
2020-09-26,346.03,356.5,352.12,354.13,61035.01105045
2020-09-27,347.05,362.86,354.01,357.55,80085.26429182
2020-09-28,351.88,368.52,357.53,353.91,104212.37558644
2020-09-29,350.19,360.59,353.68,359.9,116581.13501754
2020-09-30,351.38,361.51,359.93,359.89,61528.3697469
2020-10-01,345.01,370.25,360.01,352.9,123288.381776
2020-10-02,334.19,354.25,352.84,345.7,152553.41162458
2020-10-03,343.71,351.2,345.74,346.18,39972.14867485
2020-10-04,344.08,354.35,346.18,352.48,57672.70466128
2020-10-05,348.69,356.12,352.42,353.73,53291.56083882
2020-10-06,336.73,355.33,353.82,340.78,101113.66417348
2020-10-07,332.87,342.83,340.8,341.68,95554.36544775
2020-10-08,334.29,353.34,341.7,351.25,88039.97567275
2020-10-09,347.15,368.7,351.17,365.36,116241.01508045
2020-10-10,365.02,380.81,365.35,370.75,117309.72652529
2020-10-11,369.02,377.49,370.73,374.38,55925.96138195
2020-10-12,365.77,395.18,374.37,386.74,111464.29529211
2020-10-13,374.29,387.88,386.77,381.37,84543.6186979
2020-10-14,373.29,387.63,381.37,378.97,80200.71716699
2020-10-15,370.06,381.99,379.01,377.94,68915.97860381
2020-10-16,361.38,380.0,377.89,365.57,106263.28472121
2020-10-17,363.56,370.57,365.57,368.48,41868.07115942
2020-10-18,367.31,378.69,368.48,378.58,42509.2101992
2020-10-19,372.89,384.69,378.56,379.36,69957.45766229
2020-10-20,363.01,380.9,379.53,368.81,84940.26982272
2020-10-21,368.06,402.62,368.81,391.53,249849.80700571
2020-10-22,391.33,421.47,391.36,414.7,182333.508395
2020-10-23,401.51,419.48,414.64,409.52,124844.52058112
2020-10-24,407.4,417.0,409.55,412.58,68349.19907782
2020-10-25,402.92,417.86,412.58,406.46,53762.84086586
2020-10-26,382.21,411.47,406.32,393.12,129676.34185848
2020-10-27,390.35,411.77,393.07,404.55,108903.27558482
2020-10-28,380.5,409.52,404.56,388.63,128255.13819075
2020-10-29,380.75,394.0,388.59,387.6,104421.73544657
2020-10-30,373.4,392.16,387.49,382.77,107710.17276225
2020-10-31,380.76,394.0,382.77,386.74,76755.21020838
2020-11-01,385.09,397.65,386.72,396.91,49385.47176829
2020-11-02,378.36,404.57,396.91,383.33,128275.51088227
2020-11-03,370.5,390.35,383.33,388.32,105339.73002582
2020-11-04,376.64,409.0,388.33,403.18,214751.18285099
2020-11-05,396.43,421.25,403.19,417.17,248936.20591844
2020-11-06,415.57,458.92,417.29,456.65,357787.28499666
2020-11-07,423.0,468.98,456.69,435.73,297289.78479728
2020-11-08,432.65,460.57,435.59,454.61,111199.12192081
2020-11-09,433.83,460.0,454.61,444.81,171387.94473541
2020-11-10,439.36,455.51,444.84,450.89,132863.6764641
2020-11-11,449.95,476.8,450.89,463.79,195694.06578762
2020-11-12,452.07,470.56,463.75,462.98,180116.97555794
2020-11-13,457.64,478.31,462.91,477.14,134796.05936368
2020-11-14,452.17,478.0,477.15,461.16,114594.78378366
2020-11-15,439.77,463.24,461.21,448.58,89217.75628557
2020-11-16,445.91,466.21,448.6,460.85,112980.26100088
2020-11-17,460.05,485.0,460.87,482.68,196041.73514216
2020-11-18,456.5,495.68,482.75,478.96,296492.09128068
2020-11-19,465.18,480.99,479.0,471.92,131594.48266392
2020-11-20,471.07,514.73,471.92,510.43,296509.77452923
2020-11-21,502.82,554.28,510.6,553.07,287728.12781004
2020-11-22,511.16,581.8,553.06,560.82,403902.15612966
2020-11-23,550.0,611.43,560.78,609.26,444789.07944749
2020-11-24,587.25,623.22,609.26,605.45,387478.59472708
2020-11-25,554.0,606.49,605.45,568.79,255508.1788265
2020-11-26,480.08,577.0,569.19,520.34,614152.35686943
2020-11-27,493.51,531.41,520.35,519.07,199205.09175665
2020-11-28,505.01,548.83,519.04,538.11,166450.43752162
2020-11-29,531.0,577.55,537.97,576.76,139940.81576302
2020-11-30,571.11,617.0,576.9,617.0,313418.9868296
2020-12-01,563.01,636.53,617.0,586.03,373179.79775575
2020-12-02,575.08,604.96,585.87,597.35,136242.16440789
2020-12-03,586.11,624.57,597.03,616.65,168346.30401374
2020-12-04,566.0,620.56,616.46,567.6,195480.70629191
2020-12-05,561.15,597.88,567.76,597.29,95956.77136123
2020-12-06,583.31,607.46,597.29,601.95,101652.72670304
2020-12-07,584.54,603.4,601.97,591.47,79196.58540342
2020-12-08,548.12,595.47,591.53,554.79,173888.79056355
2020-12-09,530.32,578.67,554.8,573.38,246145.836363
2020-12-10,547.83,575.62,573.26,559.45,117320.21056794
2020-12-11,535.5,560.62,559.33,544.23,173696.26025699
2020-12-12,543.22,574.33,544.51,568.64,101618.14658727
2020-12-13,563.79,595.21,568.64,590.75,105159.23425191
2020-12-14,575.58,591.71,590.45,586.39,103488.31631148
2020-12-15,579.15,597.04,586.4,589.08,95567.38638129
2020-12-16,581.21,639.58,589.08,637.98,261818.28860235
2020-12-17,626.79,677.05,637.91,643.37,430253.08270837
2020-12-18,629.59,664.46,643.26,654.66,177136.01903836
2020-12-19,646.54,672.06,654.66,658.96,186815.55508677
2020-12-20,621.46,661.4,658.8,638.4,164504.33582055
2020-12-21,596.9,648.35,638.19,608.07,267136.10267039
2020-12-22,587.54,638.5,608.07,636.82,207333.55726725
2020-12-23,551.45,638.75,636.73,585.11,328147.46529268
2020-12-24,565.61,614.99,585.37,612.27,213890.61477265
2020-12-25,604.26,633.97,612.25,626.75,158871.75321373
2020-12-26,615.22,652.7,626.71,636.52,195895.6773533
2020-12-27,625.01,714.99,636.85,684.12,436385.25431205
2020-12-28,680.9,747.0,684.11,729.7,397946.53045409
2020-12-29,688.0,739.66,729.65,731.76,295088.40177823
2020-12-30,717.0,759.0,731.79,752.86,238441.21767564
2020-12-31,724.0,755.9,752.87,737.67,217610.26070386
2021-01-01,717.1,750.0,737.89,730.99,198060.44209411
2021-01-02,715.22,789.21,730.97,775.3,368899.31941969
2021-01-03,770.0,1015.14,775.29,980.44,858743.81908511
2021-01-04,886.33,1168.99,980.44,1042.38,1103882.9026854
2021-01-05,975.0,1136.93,1042.24,1103.73,858495.88816745
2021-01-06,1058.32,1215.98,1103.71,1212.02,821084.91284462
2021-01-07,1140.0,1291.94,1212.68,1227.34,661416.03292889
2021-01-08,1063.18,1275.0,1227.55,1217.35,781425.78426996
2021-01-09,1172.86,1310.0,1217.31,1281.45,434123.02634182
2021-01-10,1153.0,1350.88,1281.25,1255.13,670103.5931583
2021-01-11,905.0,1260.24,1255.1,1088.79,1556217.07756248
2021-01-12,1006.83,1150.0,1088.55,1049.79,656376.70350396
2021-01-13,980.0,1137.75,1050.46,1130.8,504920.57439418
2021-01-14,1087.05,1246.99,1130.79,1231.32,438467.28987015
2021-01-15,1065.0,1255.59,1231.59,1168.1,578841.8829192
2021-01-16,1152.3,1294.0,1169.04,1227.14,422140.39314774
2021-01-17,1165.78,1268.83,1227.76,1232.99,295103.60231119
2021-01-18,1181.9,1261.0,1232.6,1258.48,287749.94730348
2021-01-19,1252.01,1440.0,1258.55,1368.04,709702.99933138
2021-01-20,1234.01,1408.5,1367.7,1376.88,596370.07168489
2021-01-21,1081.0,1390.0,1377.15,1110.62,789194.34468025
2021-01-22,1039.62,1275.99,1110.61,1233.6,758560.99547401
2021-01-23,1196.74,1272.0,1233.42,1234.55,269855.02080844
2021-01-24,1221.66,1401.92,1234.47,1394.0,434746.40508943
2021-01-25,1293.65,1477.3,1394.04,1317.97,627535.52793717
2021-01-26,1245.0,1378.12,1317.98,1367.98,484756.90659865
2021-01-27,1206.05,1375.91,1367.97,1240.96,546037.67685749
2021-01-28,1220.08,1363.27,1240.62,1333.19,361803.16655087
2021-01-29,1286.56,1442.88,1333.61,1379.87,629545.82992845
2021-01-30,1327.0,1408.97,1380.04,1380.0,283799.50273321
2021-01-31,1283.0,1382.0,1380.0,1313.94,216853.04918505
2021-02-01,1271.31,1378.02,1313.95,1374.6,282549.58638538
2021-02-02,1360.27,1549.0,1374.55,1513.67,596570.35740844
2021-02-03,1509.48,1672.21,1513.85,1668.72,492422.63736011
2021-02-04,1556.0,1699.0,1668.71,1597.55,531943.12791716
2021-02-05,1589.17,1763.93,1597.34,1721.06,414535.83691975
2021-02-06,1646.7,1745.25,1721.06,1679.77,330440.89591973
2021-02-07,1493.28,1695.38,1679.76,1615.32,416691.917484
2021-02-08,1565.98,1780.0,1615.51,1752.98,454314.62328634
2021-02-09,1710.01,1824.23,1752.98,1772.16,345860.43376582
2021-02-10,1680.0,1839.0,1771.91,1742.93,368565.10934926
2021-02-11,1704.23,1819.0,1742.51,1787.32,263018.46640028
2021-02-12,1741.29,1868.9,1787.33,1845.0,324522.83669583
2021-02-13,1766.15,1877.88,1844.78,1818.01,222718.507164
2021-02-14,1785.07,1852.47,1817.85,1803.75,172443.99258151
2021-02-15,1659.93,1836.0,1803.25,1779.62,320429.97588848
2021-02-16,1725.0,1825.0,1780.59,1781.97,209801.29066471
2021-02-17,1733.87,1857.61,1782.14,1852.0,224624.79625355
2021-02-18,1851.47,1950.3,1851.9,1939.64,279501.81066288
2021-02-19,1890.0,1974.98,1939.64,1957.68,247118.43154671
2021-02-20,1811.25,2041.42,1957.9,1915.46,419107.37348279
2021-02-21,1885.0,1976.72,1915.01,1935.57,159669.07872776
2021-02-22,1507.34,1938.95,1935.67,1778.66,665395.31208108
2021-02-23,1356.0,1783.22,1778.33,1577.83,1013355.39743643
2021-02-24,1500.28,1714.0,1577.84,1625.3,440088.38004088
2021-02-25,1458.5,1672.49,1625.27,1482.62,335391.64228393
2021-02-26,1400.01,1564.11,1482.05,1445.18,380775.95904184
2021-02-27,1420.0,1526.82,1445.09,1460.57,231399.55692715
2021-02-28,1292.76,1469.96,1460.49,1422.02,460805.82144299
2021-03-01,1412.61,1574.28,1421.8,1571.82,313413.589566
2021-03-02,1455.86,1605.89,1571.87,1488.34,240668.58113618
2021-03-03,1476.72,1657.91,1488.34,1567.86,233779.70945241
2021-03-04,1504.06,1625.0,1568.4,1539.69,231528.48274717
2021-03-05,1442.32,1551.19,1539.53,1528.82,324961.01226774
2021-03-06,1512.45,1673.02,1528.82,1651.83,248888.00355718
2021-03-07,1631.07,1735.0,1651.75,1728.22,210732.49738587
2021-03-08,1664.08,1843.99,1727.95,1834.58,310581.14494936
2021-03-09,1800.0,1872.26,1834.88,1871.99,225203.26521323
2021-03-10,1756.29,1879.0,1871.93,1795.37,284059.53415917
2021-03-11,1725.0,1847.0,1795.55,1827.04,210929.2155979
2021-03-12,1721.15,1841.96,1826.53,1767.79,236995.37958528
2021-03-13,1728.3,1944.0,1766.76,1921.61,242511.38585835
2021-03-14,1836.61,1931.97,1921.76,1848.9,153591.2699543
2021-03-15,1734.87,1893.75,1848.56,1795.07,283178.47343009
2021-03-16,1706.25,1819.2,1794.08,1806.03,183635.76254277
2021-03-17,1742.0,1841.13,1805.7,1824.74,192527.7769105
2021-03-18,1758.4,1850.0,1824.45,1776.4,190138.5330396
2021-03-19,1734.29,1840.69,1776.4,1809.38,144695.63348271
2021-03-20,1800.55,1869.0,1808.95,1806.47,111937.33021974
2021-03-21,1748.25,1818.86,1806.04,1784.0,121647.31152544
2021-03-22,1657.17,1806.39,1784.11,1681.02,200417.24791012
2021-03-23,1651.58,1723.61,1681.4,1668.09,212509.86225776
2021-03-24,1545.77,1740.91,1668.37,1581.79,278130.15826272
2021-03-25,1548.69,1622.27,1581.97,1587.08,286235.84724682
2021-03-26,1586.81,1700.7,1587.01,1700.1,175253.6705026
2021-03-27,1666.4,1732.85,1699.97,1713.88,110263.21715736
2021-03-28,1662.0,1725.71,1713.96,1686.92,95999.89882024
2021-03-29,1675.28,1841.88,1686.92,1815.73,203102.37426045
2021-03-30,1785.77,1860.0,1815.73,1841.16,151376.69947985
2021-03-31,1771.94,1948.0,1841.03,1920.0,263472.22513295
2021-04-01,1886.11,1982.21,1919.99,1968.38,206220.44426132
2021-04-02,1948.67,2145.0,1968.74,2134.68,273307.72019019
2021-04-03,2000.0,2139.33,2134.38,2009.25,198152.20897275
2021-04-04,1980.0,2093.07,2008.97,2076.36,117506.19033922
2021-04-05,2003.1,2131.27,2076.31,2106.98,150633.34725495
2021-04-06,2046.08,2151.0,2107.45,2113.0,195664.36827122
2021-04-07,1929.69,2128.99,2113.55,1964.23,297887.0746854
2021-04-08,1949.34,2084.54,1964.69,2081.29,134740.59760903
2021-04-09,2048.41,2100.0,2081.29,2066.03,116343.17660276
2021-04-10,2057.2,2195.0,2066.5,2133.08,172198.2806936
2021-04-11,2112.58,2163.18,2133.07,2150.54,83861.37599123
2021-04-12,2102.55,2199.11,2150.54,2138.03,127578.86243868
2021-04-13,2135.9,2317.3,2138.02,2299.92,230007.9920857
2021-04-14,2283.26,2446.91,2300.01,2432.54,322816.09722215
2021-04-15,2401.25,2546.82,2432.16,2517.03,218658.15563428
2021-04-16,2305.0,2548.0,2517.03,2426.64,305993.48077725
2021-04-17,2305.55,2497.84,2426.64,2318.7,184015.29039346
2021-04-18,2000.0,2341.0,2319.11,2241.46,484164.17039406
2021-04-19,2050.0,2282.6,2241.67,2163.82,269095.50575273
2021-04-20,2054.25,2349.5,2163.69,2332.6,312215.54603767
2021-04-21,2237.02,2471.72,2332.18,2357.21,305022.6790685
2021-04-22,2304.0,2646.2,2357.74,2399.99,584078.8877022
2021-04-23,2040.0,2442.29,2399.21,2370.05,644161.18986279
2021-04-24,2158.36,2371.18,2369.8,2216.72,220990.83137577
2021-04-25,2166.0,2358.22,2216.18,2322.16,253708.11161981
2021-04-26,2306.03,2542.04,2322.43,2534.0,310905.02678021
2021-04-27,2484.56,2683.0,2533.99,2667.86,276539.98979416
2021-04-28,2551.0,2762.59,2667.86,2751.59,388997.91493036
2021-04-29,2672.0,2800.0,2751.56,2758.92,289566.94008224
2021-04-30,2727.0,2800.0,2758.92,2776.45,203784.33868508
2021-05-01,2757.28,2955.9,2776.76,2948.92,219121.32332416
2021-05-02,2855.29,2986.0,2948.92,2952.09,158755.45128689
2021-05-03,2952.08,3457.75,2952.21,3433.99,552087.28112543
2021-05-04,3166.12,3534.5,3433.99,3240.01,713308.42978124
2021-05-05,3201.33,3550.0,3239.61,3529.97,466260.19811275
2021-05-06,3381.11,3610.91,3529.96,3492.75,368967.13672979
2021-05-07,3356.69,3595.07,3492.33,3484.7,305837.39644288
2021-05-08,3455.0,3962.44,3484.69,3917.26,329490.02398979
2021-05-09,3726.29,3984.0,3917.26,3928.44,303199.06513222
2021-05-10,3650.01,4213.85,3928.41,3949.45,591122.82046763
2021-05-11,3760.0,4183.25,3949.45,4179.76,371785.21687275
2021-05-12,3700.0,4384.43,4179.77,3826.37,617506.79293758
2021-05-13,3525.62,4055.62,3826.37,3719.23,812296.19058095
2021-05-14,3695.0,4177.77,3719.22,4080.51,344804.82454669
2021-05-15,3632.0,4138.0,4080.51,3649.54,332664.12210277
2021-05-16,3334.88,3878.23,3648.16,3585.62,496714.18827206
2021-05-17,3101.0,3590.0,3584.79,3283.32,681492.46445778
2021-05-18,3241.06,3567.4,3283.32,3375.96,443596.42566946
2021-05-19,1860.0,3444.96,3376.98,2443.91,1664158.9063247
2021-05-20,2156.0,2999.99,2443.91,2775.07,1050830.69730324
2021-05-21,2105.0,2950.0,2775.06,2434.86,936011.86609611
2021-05-22,2156.0,2486.29,2434.86,2297.19,665111.58789821
2021-05-23,1728.0,2382.0,2296.68,2099.58,1045012.76021567
2021-05-24,2072.15,2678.25,2100.07,2651.24,860939.09041545
2021-05-25,2383.39,2768.0,2651.57,2707.56,725633.89598362
2021-05-26,2647.21,2913.68,2707.75,2889.84,532990.73904717
2021-05-27,2639.32,2893.96,2889.43,2745.51,380707.48775302
2021-05-28,2329.2,2762.91,2745.25,2413.81,657497.5191979
2021-05-29,2207.74,2574.86,2413.28,2280.72,496783.55299687
2021-05-30,2182.2,2480.69,2280.78,2387.66,388966.15183724
2021-05-31,2275.22,2720.0,2387.65,2707.12,400639.23849696
2021-06-01,2527.88,2748.0,2707.87,2634.42,341435.04494495
2021-06-02,2552.28,2803.0,2634.46,2706.64,268753.93459884
2021-06-03,2663.02,2890.0,2706.87,2856.68,254235.89167581
2021-06-04,2554.39,2859.85,2856.73,2690.68,294466.9594428
2021-06-05,2552.18,2816.92,2691.13,2629.75,228143.70836692
2021-06-06,2615.0,2745.36,2629.45,2710.97,122420.16649011
2021-06-07,2575.0,2849.15,2710.97,2592.47,267934.37140931
2021-06-08,2306.52,2621.91,2592.47,2509.11,451505.06172677
2021-06-09,2406.33,2628.16,2509.1,2611.27,291643.03769418
2021-06-10,2428.16,2625.0,2611.4,2471.59,181679.49879048
2021-06-11,2322.16,2499.34,2471.59,2355.27,189880.6813896
2021-06-12,2257.07,2452.58,2355.11,2371.49,177293.96771257
2021-06-13,2309.67,2550.0,2371.85,2510.23,172712.48563163
2021-06-14,2461.63,2609.02,2510.22,2582.86,169626.35302782
2021-06-15,2506.23,2640.0,2582.45,2543.58,168529.3479128
2021-06-16,2351.01,2555.0,2543.57,2367.73,178257.28803783
2021-06-17,2306.35,2459.53,2368.24,2373.33,153637.62400874
2021-06-18,2125.12,2377.8,2373.33,2234.47,273328.22658507
2021-06-19,2162.72,2279.0,2234.8,2164.72,162828.91242019
2021-06-20,2042.5,2275.78,2165.13,2242.9,231871.91509491
2021-06-21,1864.5,2259.1,2242.89,1885.67,598655.07269099
2021-06-22,1700.0,1996.67,1885.49,1881.65,620163.37396399
2021-06-23,1823.97,2045.0,1881.24,1968.37,287217.09052056
2021-06-24,1884.77,2035.39,1968.36,1988.81,208623.5990145
2021-06-25,1792.0,2019.39,1988.81,1809.07,370739.74744615
2021-06-26,1717.41,1851.97,1809.07,1829.17,238207.16665611
2021-06-27,1807.89,1988.62,1829.0,1984.71,177413.91064922
2021-06-28,1957.24,2143.67,1984.84,2083.79,278261.98240028
2021-06-29,2074.53,2247.03,2083.99,2166.18,215702.68781407
2021-06-30,2089.16,2288.0,2165.64,2276.72,254873.14574192
2021-07-01,2072.06,2277.44,2276.74,2107.01,240720.57482006
2021-07-02,2017.07,2159.43,2107.75,2156.0,192127.19122379
2021-07-03,2113.18,2239.69,2156.0,2226.95,98666.79185779
2021-07-04,2190.56,2389.22,2227.46,2323.15,126325.73621254
2021-07-05,2160.0,2324.44,2323.27,2197.34,156103.9362224
2021-07-06,2195.02,2350.0,2197.34,2321.84,165693.46720418
2021-07-07,2294.16,2411.19,2322.2,2316.82,159702.0440841
2021-07-08,2084.0,2325.46,2317.64,2116.95,223830.00371273
2021-07-09,2050.0,2189.28,2116.3,2147.38,190883.32617917
2021-07-10,2075.0,2192.98,2147.38,2110.55,116594.48589325
2021-07-11,2081.51,2173.37,2110.56,2140.82,89340.97126887
2021-07-12,2002.0,2169.0,2141.45,2030.72,174561.37955667
2021-07-13,1917.4,2047.72,2030.74,1940.76,217891.77262081
2021-07-14,1865.5,2019.9,1940.34,1994.11,195351.53451543
2021-07-15,1880.0,2039.99,1994.12,1918.07,229477.74435019
2021-07-16,1850.15,1965.35,1918.99,1877.22,184221.68200937
2021-07-17,1847.0,1919.0,1877.22,1899.75,113724.29716977
2021-07-18,1878.67,1994.4,1899.75,1891.46,124679.10845278
2021-07-19,1805.47,1918.65,1891.46,1818.44,191611.5191467
2021-07-20,1718.41,1840.79,1818.45,1786.46,278984.79921803
2021-07-21,1754.27,2033.16,1786.51,1996.18,263702.46075895
2021-07-22,1948.68,2046.74,1996.21,2024.75,196355.49626351
2021-07-23,1995.0,2131.51,2024.75,2125.81,177278.18951605
2021-07-24,2107.13,2200.0,2125.82,2185.95,151102.52474975
2021-07-25,2108.08,2197.05,2186.76,2193.03,129013.98912781
2021-07-26,2172.99,2437.99,2192.38,2228.26,427763.06726806
2021-07-27,2152.0,2321.0,2228.71,2300.59,253782.97390467
2021-07-28,2245.1,2347.88,2300.28,2300.42,205833.21106135
2021-07-29,2267.78,2399.99,2300.76,2383.32,172925.7166805
2021-07-30,2317.51,2474.82,2383.47,2463.9,222140.744211
2021-07-31,2422.31,2555.0,2463.88,2533.74,134549.11974341
2021-08-01,2511.5,2699.0,2533.54,2555.43,260742.0604239
2021-08-02,2503.7,2666.36,2555.99,2608.12,234264.49105555
2021-08-03,2445.58,2633.0,2608.12,2508.31,237814.06443089
2021-08-04,2455.94,2771.42,2508.16,2724.71,250129.62895073
2021-08-05,2530.69,2845.0,2724.71,2829.35,326176.98753449
2021-08-06,2721.0,2949.21,2829.49,2892.98,283374.42059615
2021-08-07,2866.58,3173.72,2892.83,3163.09,299359.36243726
2021-08-08,2948.76,3191.99,3163.09,3014.13,244654.45876056
2021-08-09,2892.5,3190.0,3014.12,3162.34,315853.32665056
2021-08-10,3051.0,3235.1,3162.33,3142.09,223500.03188943
2021-08-11,3122.22,3275.0,3142.18,3162.61,194586.91786387
2021-08-12,2980.0,3239.69,3162.16,3047.21,243214.90148817
2021-08-13,3034.52,3330.0,3047.21,3324.51,190905.3520745
2021-08-14,3206.96,3333.0,3324.51,3266.52,118892.50906903
2021-08-15,3112.96,3323.54,3266.52,3310.93,162311.47927523
2021-08-16,3135.0,3341.47,3311.02,3146.6,177756.89052157
2021-08-17,2992.15,3293.15,3146.6,3011.01,246541.89921532
2021-08-18,2951.0,3126.51,3011.77,3014.38,193245.63285215
2021-08-19,2960.0,3187.48,3014.38,3184.21,161902.28879318
2021-08-20,3178.65,3300.0,3184.32,3286.58,173202.49961989
2021-08-21,3206.96,3311.0,3286.82,3226.73,108432.72740463
2021-08-22,3128.82,3275.0,3226.38,3241.42,98417.87656735
2021-08-23,3233.19,3378.6,3241.41,3323.12,170976.09020067
2021-08-24,3133.45,3360.0,3322.76,3171.52,162665.07930976
2021-08-25,3079.92,3249.0,3170.94,3228.51,138830.69124351
2021-08-26,3056.0,3251.05,3228.51,3093.2,140286.63490594
2021-08-27,3050.0,3283.26,3092.71,3274.67,168913.62309989
2021-08-28,3212.01,3290.51,3275.32,3247.99,72183.42536015
2021-08-29,3153.75,3287.73,3247.99,3226.46,89119.39624772
2021-08-30,3145.45,3349.0,3226.45,3229.01,219625.56218696
2021-08-31,3190.56,3486.8,3229.02,3430.23,320212.11999266
2021-09-01,3384.24,3843.12,3430.0,3829.39,306568.70086335
2021-09-02,3722.65,3838.28,3829.29,3787.97,206168.93909873
2021-09-03,3710.59,4030.35,3788.2,3940.06,284766.1603865
2021-09-04,3834.57,3970.0,3940.06,3887.53,130047.41569531
2021-09-05,3835.7,3982.64,3887.58,3952.17,101339.56157838
2021-09-06,3868.0,3973.27,3951.68,3928.89,111675.62991707
2021-09-07,3009.0,3948.0,3928.72,3436.96,482489.77503547
2021-09-08,3216.0,3562.98,3436.75,3500.34,352658.69072643
2021-09-09,3393.17,3568.59,3499.54,3424.95,244244.24892658
2021-09-10,3142.67,3514.37,3424.32,3209.82,271075.68986114
2021-09-11,3199.88,3349.43,3209.29,3266.77,133373.86127026
2021-09-12,3231.75,3472.99,3266.97,3403.75,133979.51978513
2021-09-13,3111.14,3430.0,3403.81,3286.2,215497.91819641
2021-09-14,3270.74,3439.15,3285.66,3436.29,152957.54148077
2021-09-15,3359.96,3621.15,3436.29,3615.65,157550.50123984
2021-09-16,3482.97,3675.92,3615.68,3568.66,193709.08937556
2021-09-17,3350.06,3595.0,3568.77,3400.0,164813.94731616
2021-09-18,3369.53,3543.0,3400.0,3436.31,129386.37129349
2021-09-19,3278.0,3457.22,3436.59,3328.59,93362.31450909
2021-09-20,2911.81,3346.58,3328.7,2976.48,434236.7826118
2021-09-21,2651.0,3104.82,2976.36,2765.69,441567.8736938
2021-09-22,2738.24,3090.83,2765.33,3078.43,271497.54590784
2021-09-23,3035.83,3182.34,3078.42,3154.62,166485.49300907
2021-09-24,2735.0,3160.48,3154.42,2930.61,365024.83204626
2021-09-25,2800.01,2968.85,2930.59,2924.01,145561.52444175
2021-09-26,2741.34,3117.48,2923.91,3060.71,168746.48142334
2021-09-27,2925.0,3168.03,3059.92,2925.27,172472.29785812
2021-09-28,2782.6,2971.16,2926.27,2805.65,186331.02775653
2021-09-29,2781.99,2950.6,2805.64,2850.14,177979.48195163
2021-09-30,2836.21,3048.58,2849.71,3000.46,169873.45079422
2021-10-01,2967.41,3337.15,3001.14,3311.16,201035.51345113
2021-10-02,3258.94,3469.95,3311.2,3387.82,144778.38450029
2021-10-03,3343.36,3489.18,3388.67,3420.07,124271.04864619
2021-10-04,3269.67,3438.91,3419.63,3387.2,163829.62677831
2021-10-05,3365.34,3547.88,3386.9,3515.3,163084.66881477
2021-10-06,3342.16,3632.44,3517.26,3575.85,219116.78797009
2021-10-07,3471.52,3655.02,3576.45,3588.51,195554.94828114
2021-10-08,3535.0,3670.0,3588.83,3563.96,146564.44707403
2021-10-09,3538.61,3634.13,3563.96,3575.83,88782.58533301
2021-10-10,3406.44,3605.49,3575.2,3415.0,112835.1020128
2021-10-11,3373.45,3625.0,3414.75,3542.37,142525.70987846
2021-10-12,3403.51,3549.0,3542.2,3490.61,176617.45185163
2021-10-13,3412.45,3614.48,3490.17,3608.21,158955.26821205
2021-10-14,3588.55,3828.84,3608.43,3791.66,216569.69208772
2021-10-15,3734.44,3900.0,3791.06,3869.73,204682.20802319
2021-10-16,3802.0,3968.49,3869.73,3829.66,130674.36831436
2021-10-17,3643.0,3919.0,3829.7,3847.18,134515.91092357
2021-10-18,3676.35,3894.7,3847.38,3745.48,187448.53280815
2021-10-19,3700.0,3890.36,3745.13,3878.17,154012.15326702
2021-10-20,3829.59,4169.0,3878.35,4161.94,235728.75520251
2021-10-21,4010.22,4374.95,4161.83,4053.9,286201.83773073
2021-10-22,3885.25,4169.72,4053.97,3971.55,187484.20093549
2021-10-23,3935.92,4172.04,3971.89,4168.56,109253.57167984
2021-10-24,3962.05,4188.42,4168.53,4082.64,126731.47064484
2021-10-25,4069.22,4236.27,4082.09,4220.93,145753.84102089
2021-10-26,4091.31,4297.0,4221.16,4131.47,169619.87486465
2021-10-27,3911.0,4314.63,4132.19,3923.94,279555.38152718
2021-10-28,3889.05,4299.0,3925.26,4288.26,257149.82955488
2021-10-29,4266.91,4461.96,4288.25,4421.23,257148.94601167
2021-10-30,4236.99,4435.0,4421.23,4324.67,123410.59442713
2021-10-31,4168.1,4395.99,4325.55,4290.16,148206.08981334
2021-11-01,4151.0,4385.16,4290.31,4322.89,165298.66872401
2021-11-02,4287.32,4604.99,4322.89,4595.01,217839.79309642
2021-11-03,4456.0,4671.0,4594.27,4606.07,213935.75674438
2021-11-04,4423.01,4610.24,4606.07,4537.15,182872.96131449
2021-11-05,4446.01,4574.0,4537.14,4479.47,142403.14739608
2021-11-06,4329.21,4534.43,4479.47,4523.16,107961.55343832
2021-11-07,4506.99,4639.8,4523.73,4617.02,85312.85613745
2021-11-08,4616.5,4825.0,4617.27,4811.9,163884.29350308
2021-11-09,4697.9,4842.54,4811.89,4731.59,154525.60456333
2021-11-10,4460.0,4867.81,4731.58,4632.22,249949.62441734
2021-11-11,4578.05,4783.05,4632.23,4721.87,112248.30258781
2021-11-12,4508.42,4809.27,4721.07,4667.34,160383.45748095
2021-11-13,4586.8,4708.6,4667.79,4644.44,76568.33646209
2021-11-14,4516.05,4695.07,4644.43,4627.03,96933.07064437
2021-11-15,4541.0,4770.0,4626.61,4565.06,121693.76091856
2021-11-16,4108.0,4564.98,4564.34,4209.5,309826.45957038
2021-11-17,4068.24,4300.01,4209.89,4289.4,197969.47328462
2021-11-18,3960.0,4346.42,4289.4,3997.93,291477.64786245
2021-11-19,3975.24,4314.82,3998.57,4299.55,191232.56135587
2021-11-20,4206.03,4438.96,4299.55,4416.69,96882.12097892
2021-11-21,4246.07,4427.72,4416.36,4262.99,83775.31676078
2021-11-22,4024.45,4322.86,4263.04,4089.16,174572.98932477
2021-11-23,4062.28,4389.95,4089.17,4341.62,159935.23797902
2021-11-24,4168.99,4359.88,4341.58,4270.74,120268.67729032
2021-11-25,4250.0,4555.11,4270.93,4525.87,132338.28173546
2021-11-26,3915.0,4555.53,4527.03,4043.67,324817.57682312
2021-11-27,4031.56,4186.97,4043.62,4098.31,93299.56271946
2021-11-28,3950.0,4303.35,4098.53,4298.38,124752.71262005
2021-11-29,4282.07,4466.0,4298.38,4449.42,170935.20731881
2021-11-30,4350.91,4759.0,4449.42,4634.95,312105.05293146
2021-12-01,4526.94,4784.5,4636.43,4586.95,241301.695591
2021-12-02,4435.0,4637.39,4586.87,4514.59,171913.60834148
2021-12-03,4035.0,4662.75,4514.54,4216.93,312836.25058642
2021-12-04,3575.0,4240.0,4216.3,4123.13,512946.90714235
2021-12-05,4038.13,4257.0,4123.13,4203.22,250275.13989584
2021-12-06,3913.0,4380.8,4203.22,4354.22,349333.84787974
2021-12-07,4260.0,4433.99,4354.09,4310.19,198306.85854675
2021-12-08,4226.88,4456.36,4310.21,4440.51,186740.13696568
2021-12-09,4076.15,4490.72,4440.94,4106.06,222048.28315781
2021-12-10,3889.42,4232.38,4105.99,3900.91,273780.7217072
2021-12-11,3835.0,4099.87,3899.97,4091.18,166327.13830459
2021-12-12,3989.41,4186.16,4091.17,4132.92,108368.85746466
2021-12-13,3660.0,4146.1,4132.91,3783.81,305712.33000025
2021-12-14,3686.49,3884.08,3784.0,3860.74,197099.24204846
2021-12-15,3643.43,4097.0,3860.72,4021.53,319094.24570016
2021-12-16,3952.81,4116.39,4021.41,3957.28,174285.93324831
2021-12-17,3699.0,3994.81,3957.12,3876.02,209823.26509135
2021-12-18,3768.14,3999.0,3876.37,3961.92,113485.77521903
2021-12-19,3886.03,4039.73,3961.93,3925.79,102078.81232557
2021-12-20,3754.8,3984.08,3925.78,3946.16,172027.91571974
2021-12-21,3908.13,4063.89,3946.59,4017.11,137991.50149241
2021-12-22,3933.74,4075.0,4017.35,3981.12,110316.26044274
2021-12-23,3895.7,4157.82,3980.82,4113.08,180980.07790929
2021-12-24,4005.0,4138.71,4113.64,4049.65,109472.89747679
2021-12-25,4021.31,4143.13,4049.81,4097.43,68854.05530395
2021-12-26,4008.01,4106.5,4098.67,4065.91,66848.08372392
2021-12-27,4027.56,4128.9,4066.14,4038.64,108344.57109844
2021-12-28,3760.01,4038.68,4038.18,3793.67,203399.82203323
2021-12-29,3603.0,3828.18,3793.66,3630.59,167709.4231065
2021-12-30,3585.85,3769.99,3630.18,3710.02,155011.95096414
2021-12-31,3619.78,3815.04,3710.01,3675.8,171634.96154996
2022-01-01,3674.02,3777.82,3675.81,3765.72,98353.62552826
2022-01-02,3718.2,3855.77,3765.98,3828.87,78466.35113548
2022-01-03,3681.62,3851.66,3828.93,3766.04,106574.13357834
2022-01-04,3714.22,3894.12,3766.01,3785.0,148752.52638971
2022-01-05,3414.88,3848.2,3785.0,3539.0,240345.13859808
2022-01-06,3300.0,3550.02,3539.0,3406.03,282771.63777278
2022-01-07,3065.0,3415.52,3405.66,3198.82,376752.15627171
2022-01-08,3147.0,3247.89,3198.96,3170.33,84797.32757258
